variable,categoria,frecuencia,porcentaje
id,SUJ-0001,1,0.02
id,SUJ-0002,1,0.02
id,SUJ-0003,1,0.02
id,SUJ-0004,1,0.02
id,SUJ-0005,1,0.02
id,SUJ-0006,1,0.02
id,SUJ-0007,1,0.02
id,SUJ-0008,1,0.02
id,SUJ-0009,1,0.02
id,SUJ-0010,1,0.02
id,SUJ-0011,1,0.02
id,SUJ-0012,1,0.02
id,SUJ-0013,1,0.02
id,SUJ-0014,1,0.02
id,SUJ-0015,1,0.02
id,SUJ-0016,1,0.02
id,SUJ-0017,1,0.02
id,SUJ-0018,1,0.02
id,SUJ-0019,1,0.02
id,SUJ-0020,1,0.02
id,SUJ-0021,1,0.02
id,SUJ-0022,1,0.02
id,SUJ-0023,1,0.02
id,SUJ-0024,1,0.02
id,SUJ-0025,1,0.02
id,SUJ-0026,1,0.02
id,SUJ-0027,1,0.02
id,SUJ-0028,1,0.02
id,SUJ-0029,1,0.02
id,SUJ-0030,1,0.02
id,SUJ-0031,1,0.02
id,SUJ-0032,1,0.02
id,SUJ-0033,1,0.02
id,SUJ-0034,1,0.02
id,SUJ-0035,1,0.02
id,SUJ-0036,1,0.02
id,SUJ-0037,1,0.02
id,SUJ-0038,1,0.02
id,SUJ-0039,1,0.02
id,SUJ-0040,1,0.02
id,SUJ-0041,1,0.02
id,SUJ-0042,1,0.02
id,SUJ-0043,1,0.02
id,SUJ-0044,1,0.02
id,SUJ-0045,1,0.02
id,SUJ-0046,1,0.02
id,SUJ-0047,1,0.02
id,SUJ-0048,1,0.02
id,SUJ-0049,1,0.02
id,SUJ-0050,1,0.02
id,SUJ-0051,1,0.02
id,SUJ-0052,1,0.02
id,SUJ-0053,1,0.02
id,SUJ-0054,1,0.02
id,SUJ-0055,1,0.02
id,SUJ-0056,1,0.02
id,SUJ-0057,1,0.02
id,SUJ-0058,1,0.02
id,SUJ-0059,1,0.02
id,SUJ-0060,1,0.02
id,SUJ-0061,1,0.02
id,SUJ-0062,1,0.02
id,SUJ-0063,1,0.02
id,SUJ-0064,1,0.02
id,SUJ-0065,1,0.02
id,SUJ-0066,1,0.02
id,SUJ-0067,1,0.02
id,SUJ-0068,1,0.02
id,SUJ-0069,1,0.02
id,SUJ-0070,1,0.02
id,SUJ-0071,1,0.02
id,SUJ-0072,1,0.02
id,SUJ-0073,1,0.02
id,SUJ-0074,1,0.02
id,SUJ-0075,1,0.02
id,SUJ-0076,1,0.02
id,SUJ-0077,1,0.02
id,SUJ-0078,1,0.02
id,SUJ-0079,1,0.02
id,SUJ-0080,1,0.02
id,SUJ-0081,1,0.02
id,SUJ-0082,1,0.02
id,SUJ-0083,1,0.02
id,SUJ-0084,1,0.02
id,SUJ-0085,1,0.02
id,SUJ-0086,1,0.02
id,SUJ-0087,1,0.02
id,SUJ-0088,1,0.02
id,SUJ-0089,1,0.02
id,SUJ-0090,1,0.02
id,SUJ-0091,1,0.02
id,SUJ-0092,1,0.02
id,SUJ-0093,1,0.02
id,SUJ-0094,1,0.02
id,SUJ-0095,1,0.02
id,SUJ-0096,1,0.02
id,SUJ-0097,1,0.02
id,SUJ-0098,1,0.02
id,SUJ-0099,1,0.02
id,SUJ-0100,1,0.02
id,SUJ-0101,1,0.02
id,SUJ-0102,1,0.02
id,SUJ-0103,1,0.02
id,SUJ-0104,1,0.02
id,SUJ-0105,1,0.02
id,SUJ-0106,1,0.02
id,SUJ-0107,1,0.02
id,SUJ-0108,1,0.02
id,SUJ-0109,1,0.02
id,SUJ-0110,1,0.02
id,SUJ-0111,1,0.02
id,SUJ-0112,1,0.02
id,SUJ-0113,1,0.02
id,SUJ-0114,1,0.02
id,SUJ-0115,1,0.02
id,SUJ-0116,1,0.02
id,SUJ-0117,1,0.02
id,SUJ-0118,1,0.02
id,SUJ-0119,1,0.02
id,SUJ-0120,1,0.02
id,SUJ-0121,1,0.02
id,SUJ-0122,1,0.02
id,SUJ-0123,1,0.02
id,SUJ-0124,1,0.02
id,SUJ-0125,1,0.02
id,SUJ-0126,1,0.02
id,SUJ-0127,1,0.02
id,SUJ-0128,1,0.02
id,SUJ-0129,1,0.02
id,SUJ-0130,1,0.02
id,SUJ-0131,1,0.02
id,SUJ-0132,1,0.02
id,SUJ-0133,1,0.02
id,SUJ-0134,1,0.02
id,SUJ-0135,1,0.02
id,SUJ-0136,1,0.02
id,SUJ-0137,1,0.02
id,SUJ-0138,1,0.02
id,SUJ-0139,1,0.02
id,SUJ-0140,1,0.02
id,SUJ-0141,1,0.02
id,SUJ-0142,1,0.02
id,SUJ-0143,1,0.02
id,SUJ-0144,1,0.02
id,SUJ-0145,1,0.02
id,SUJ-0146,1,0.02
id,SUJ-0147,1,0.02
id,SUJ-0148,1,0.02
id,SUJ-0149,1,0.02
id,SUJ-0150,1,0.02
id,SUJ-0151,1,0.02
id,SUJ-0152,1,0.02
id,SUJ-0153,1,0.02
id,SUJ-0154,1,0.02
id,SUJ-0155,1,0.02
id,SUJ-0156,1,0.02
id,SUJ-0157,1,0.02
id,SUJ-0158,1,0.02
id,SUJ-0159,1,0.02
id,SUJ-0160,1,0.02
id,SUJ-0161,1,0.02
id,SUJ-0162,1,0.02
id,SUJ-0163,1,0.02
id,SUJ-0164,1,0.02
id,SUJ-0165,1,0.02
id,SUJ-0166,1,0.02
id,SUJ-0167,1,0.02
id,SUJ-0168,1,0.02
id,SUJ-0169,1,0.02
id,SUJ-0170,1,0.02
id,SUJ-0171,1,0.02
id,SUJ-0172,1,0.02
id,SUJ-0173,1,0.02
id,SUJ-0174,1,0.02
id,SUJ-0175,1,0.02
id,SUJ-0176,1,0.02
id,SUJ-0177,1,0.02
id,SUJ-0178,1,0.02
id,SUJ-0179,1,0.02
id,SUJ-0180,1,0.02
id,SUJ-0181,1,0.02
id,SUJ-0182,1,0.02
id,SUJ-0183,1,0.02
id,SUJ-0184,1,0.02
id,SUJ-0185,1,0.02
id,SUJ-0186,1,0.02
id,SUJ-0187,1,0.02
id,SUJ-0188,1,0.02
id,SUJ-0189,1,0.02
id,SUJ-0190,1,0.02
id,SUJ-0191,1,0.02
id,SUJ-0192,1,0.02
id,SUJ-0193,1,0.02
id,SUJ-0194,1,0.02
id,SUJ-0195,1,0.02
id,SUJ-0196,1,0.02
id,SUJ-0197,1,0.02
id,SUJ-0198,1,0.02
id,SUJ-0199,1,0.02
id,SUJ-0200,1,0.02
id,SUJ-0201,1,0.02
id,SUJ-0202,1,0.02
id,SUJ-0203,1,0.02
id,SUJ-0204,1,0.02
id,SUJ-0205,1,0.02
id,SUJ-0206,1,0.02
id,SUJ-0207,1,0.02
id,SUJ-0208,1,0.02
id,SUJ-0209,1,0.02
id,SUJ-0210,1,0.02
id,SUJ-0211,1,0.02
id,SUJ-0212,1,0.02
id,SUJ-0213,1,0.02
id,SUJ-0214,1,0.02
id,SUJ-0215,1,0.02
id,SUJ-0216,1,0.02
id,SUJ-0217,1,0.02
id,SUJ-0218,1,0.02
id,SUJ-0219,1,0.02
id,SUJ-0220,1,0.02
id,SUJ-0221,1,0.02
id,SUJ-0222,1,0.02
id,SUJ-0223,1,0.02
id,SUJ-0224,1,0.02
id,SUJ-0225,1,0.02
id,SUJ-0226,1,0.02
id,SUJ-0227,1,0.02
id,SUJ-0228,1,0.02
id,SUJ-0229,1,0.02
id,SUJ-0230,1,0.02
id,SUJ-0231,1,0.02
id,SUJ-0232,1,0.02
id,SUJ-0233,1,0.02
id,SUJ-0234,1,0.02
id,SUJ-0235,1,0.02
id,SUJ-0236,1,0.02
id,SUJ-0237,1,0.02
id,SUJ-0238,1,0.02
id,SUJ-0239,1,0.02
id,SUJ-0240,1,0.02
id,SUJ-0241,1,0.02
id,SUJ-0242,1,0.02
id,SUJ-0243,1,0.02
id,SUJ-0244,1,0.02
id,SUJ-0245,1,0.02
id,SUJ-0246,1,0.02
id,SUJ-0247,1,0.02
id,SUJ-0248,1,0.02
id,SUJ-0249,1,0.02
id,SUJ-0250,1,0.02
id,SUJ-0251,1,0.02
id,SUJ-0252,1,0.02
id,SUJ-0253,1,0.02
id,SUJ-0254,1,0.02
id,SUJ-0255,1,0.02
id,SUJ-0256,1,0.02
id,SUJ-0257,1,0.02
id,SUJ-0258,1,0.02
id,SUJ-0259,1,0.02
id,SUJ-0260,1,0.02
id,SUJ-0261,1,0.02
id,SUJ-0262,1,0.02
id,SUJ-0263,1,0.02
id,SUJ-0264,1,0.02
id,SUJ-0265,1,0.02
id,SUJ-0266,1,0.02
id,SUJ-0267,1,0.02
id,SUJ-0268,1,0.02
id,SUJ-0269,1,0.02
id,SUJ-0270,1,0.02
id,SUJ-0271,1,0.02
id,SUJ-0272,1,0.02
id,SUJ-0273,1,0.02
id,SUJ-0274,1,0.02
id,SUJ-0275,1,0.02
id,SUJ-0276,1,0.02
id,SUJ-0277,1,0.02
id,SUJ-0278,1,0.02
id,SUJ-0279,1,0.02
id,SUJ-0280,1,0.02
id,SUJ-0281,1,0.02
id,SUJ-0282,1,0.02
id,SUJ-0283,1,0.02
id,SUJ-0284,1,0.02
id,SUJ-0285,1,0.02
id,SUJ-0286,1,0.02
id,SUJ-0287,1,0.02
id,SUJ-0288,1,0.02
id,SUJ-0289,1,0.02
id,SUJ-0290,1,0.02
id,SUJ-0291,1,0.02
id,SUJ-0292,1,0.02
id,SUJ-0293,1,0.02
id,SUJ-0294,1,0.02
id,SUJ-0295,1,0.02
id,SUJ-0296,1,0.02
id,SUJ-0297,1,0.02
id,SUJ-0298,1,0.02
id,SUJ-0299,1,0.02
id,SUJ-0300,1,0.02
id,SUJ-0301,1,0.02
id,SUJ-0302,1,0.02
id,SUJ-0303,1,0.02
id,SUJ-0304,1,0.02
id,SUJ-0305,1,0.02
id,SUJ-0306,1,0.02
id,SUJ-0307,1,0.02
id,SUJ-0308,1,0.02
id,SUJ-0309,1,0.02
id,SUJ-0310,1,0.02
id,SUJ-0311,1,0.02
id,SUJ-0312,1,0.02
id,SUJ-0313,1,0.02
id,SUJ-0314,1,0.02
id,SUJ-0315,1,0.02
id,SUJ-0316,1,0.02
id,SUJ-0317,1,0.02
id,SUJ-0318,1,0.02
id,SUJ-0319,1,0.02
id,SUJ-0320,1,0.02
id,SUJ-0321,1,0.02
id,SUJ-0322,1,0.02
id,SUJ-0323,1,0.02
id,SUJ-0324,1,0.02
id,SUJ-0325,1,0.02
id,SUJ-0326,1,0.02
id,SUJ-0327,1,0.02
id,SUJ-0328,1,0.02
id,SUJ-0329,1,0.02
id,SUJ-0330,1,0.02
id,SUJ-0331,1,0.02
id,SUJ-0332,1,0.02
id,SUJ-0333,1,0.02
id,SUJ-0334,1,0.02
id,SUJ-0335,1,0.02
id,SUJ-0336,1,0.02
id,SUJ-0337,1,0.02
id,SUJ-0338,1,0.02
id,SUJ-0339,1,0.02
id,SUJ-0340,1,0.02
id,SUJ-0341,1,0.02
id,SUJ-0342,1,0.02
id,SUJ-0343,1,0.02
id,SUJ-0344,1,0.02
id,SUJ-0345,1,0.02
id,SUJ-0346,1,0.02
id,SUJ-0347,1,0.02
id,SUJ-0348,1,0.02
id,SUJ-0349,1,0.02
id,SUJ-0350,1,0.02
id,SUJ-0351,1,0.02
id,SUJ-0352,1,0.02
id,SUJ-0353,1,0.02
id,SUJ-0354,1,0.02
id,SUJ-0355,1,0.02
id,SUJ-0356,1,0.02
id,SUJ-0357,1,0.02
id,SUJ-0358,1,0.02
id,SUJ-0359,1,0.02
id,SUJ-0360,1,0.02
id,SUJ-0361,1,0.02
id,SUJ-0362,1,0.02
id,SUJ-0363,1,0.02
id,SUJ-0364,1,0.02
id,SUJ-0365,1,0.02
id,SUJ-0366,1,0.02
id,SUJ-0367,1,0.02
id,SUJ-0368,1,0.02
id,SUJ-0369,1,0.02
id,SUJ-0370,1,0.02
id,SUJ-0371,1,0.02
id,SUJ-0372,1,0.02
id,SUJ-0373,1,0.02
id,SUJ-0374,1,0.02
id,SUJ-0375,1,0.02
id,SUJ-0376,1,0.02
id,SUJ-0377,1,0.02
id,SUJ-0378,1,0.02
id,SUJ-0379,1,0.02
id,SUJ-0380,1,0.02
id,SUJ-0381,1,0.02
id,SUJ-0382,1,0.02
id,SUJ-0383,1,0.02
id,SUJ-0384,1,0.02
id,SUJ-0385,1,0.02
id,SUJ-0386,1,0.02
id,SUJ-0387,1,0.02
id,SUJ-0388,1,0.02
id,SUJ-0389,1,0.02
id,SUJ-0390,1,0.02
id,SUJ-0391,1,0.02
id,SUJ-0392,1,0.02
id,SUJ-0393,1,0.02
id,SUJ-0394,1,0.02
id,SUJ-0395,1,0.02
id,SUJ-0396,1,0.02
id,SUJ-0397,1,0.02
id,SUJ-0398,1,0.02
id,SUJ-0399,1,0.02
id,SUJ-0400,1,0.02
id,SUJ-0401,1,0.02
id,SUJ-0402,1,0.02
id,SUJ-0403,1,0.02
id,SUJ-0404,1,0.02
id,SUJ-0405,1,0.02
id,SUJ-0406,1,0.02
id,SUJ-0407,1,0.02
id,SUJ-0408,1,0.02
id,SUJ-0409,1,0.02
id,SUJ-0410,1,0.02
id,SUJ-0411,1,0.02
id,SUJ-0412,1,0.02
id,SUJ-0413,1,0.02
id,SUJ-0414,1,0.02
id,SUJ-0415,1,0.02
id,SUJ-0416,1,0.02
id,SUJ-0417,1,0.02
id,SUJ-0418,1,0.02
id,SUJ-0419,1,0.02
id,SUJ-0420,1,0.02
id,SUJ-0421,1,0.02
id,SUJ-0422,1,0.02
id,SUJ-0423,1,0.02
id,SUJ-0424,1,0.02
id,SUJ-0425,1,0.02
id,SUJ-0426,1,0.02
id,SUJ-0427,1,0.02
id,SUJ-0428,1,0.02
id,SUJ-0429,1,0.02
id,SUJ-0430,1,0.02
id,SUJ-0431,1,0.02
id,SUJ-0432,1,0.02
id,SUJ-0433,1,0.02
id,SUJ-0434,1,0.02
id,SUJ-0435,1,0.02
id,SUJ-0436,1,0.02
id,SUJ-0437,1,0.02
id,SUJ-0438,1,0.02
id,SUJ-0439,1,0.02
id,SUJ-0440,1,0.02
id,SUJ-0441,1,0.02
id,SUJ-0442,1,0.02
id,SUJ-0443,1,0.02
id,SUJ-0444,1,0.02
id,SUJ-0445,1,0.02
id,SUJ-0446,1,0.02
id,SUJ-0447,1,0.02
id,SUJ-0448,1,0.02
id,SUJ-0449,1,0.02
id,SUJ-0450,1,0.02
id,SUJ-0451,1,0.02
id,SUJ-0452,1,0.02
id,SUJ-0453,1,0.02
id,SUJ-0454,1,0.02
id,SUJ-0455,1,0.02
id,SUJ-0456,1,0.02
id,SUJ-0457,1,0.02
id,SUJ-0458,1,0.02
id,SUJ-0459,1,0.02
id,SUJ-0460,1,0.02
id,SUJ-0461,1,0.02
id,SUJ-0462,1,0.02
id,SUJ-0463,1,0.02
id,SUJ-0464,1,0.02
id,SUJ-0465,1,0.02
id,SUJ-0466,1,0.02
id,SUJ-0467,1,0.02
id,SUJ-0468,1,0.02
id,SUJ-0469,1,0.02
id,SUJ-0470,1,0.02
id,SUJ-0471,1,0.02
id,SUJ-0472,1,0.02
id,SUJ-0473,1,0.02
id,SUJ-0474,1,0.02
id,SUJ-0475,1,0.02
id,SUJ-0476,1,0.02
id,SUJ-0477,1,0.02
id,SUJ-0478,1,0.02
id,SUJ-0479,1,0.02
id,SUJ-0480,1,0.02
id,SUJ-0481,1,0.02
id,SUJ-0482,1,0.02
id,SUJ-0483,1,0.02
id,SUJ-0484,1,0.02
id,SUJ-0485,1,0.02
id,SUJ-0486,1,0.02
id,SUJ-0487,1,0.02
id,SUJ-0488,1,0.02
id,SUJ-0489,1,0.02
id,SUJ-0490,1,0.02
id,SUJ-0491,1,0.02
id,SUJ-0492,1,0.02
id,SUJ-0493,1,0.02
id,SUJ-0494,1,0.02
id,SUJ-0495,1,0.02
id,SUJ-0496,1,0.02
id,SUJ-0497,1,0.02
id,SUJ-0498,1,0.02
id,SUJ-0499,1,0.02
id,SUJ-0500,1,0.02
id,SUJ-0501,1,0.02
id,SUJ-0502,1,0.02
id,SUJ-0503,1,0.02
id,SUJ-0504,1,0.02
id,SUJ-0505,1,0.02
id,SUJ-0506,1,0.02
id,SUJ-0507,1,0.02
id,SUJ-0508,1,0.02
id,SUJ-0509,1,0.02
id,SUJ-0510,1,0.02
id,SUJ-0511,1,0.02
id,SUJ-0512,1,0.02
id,SUJ-0513,1,0.02
id,SUJ-0514,1,0.02
id,SUJ-0515,1,0.02
id,SUJ-0516,1,0.02
id,SUJ-0517,1,0.02
id,SUJ-0518,1,0.02
id,SUJ-0519,1,0.02
id,SUJ-0520,1,0.02
id,SUJ-0521,1,0.02
id,SUJ-0522,1,0.02
id,SUJ-0523,1,0.02
id,SUJ-0524,1,0.02
id,SUJ-0525,1,0.02
id,SUJ-0526,1,0.02
id,SUJ-0527,1,0.02
id,SUJ-0528,1,0.02
id,SUJ-0529,1,0.02
id,SUJ-0530,1,0.02
id,SUJ-0531,1,0.02
id,SUJ-0532,1,0.02
id,SUJ-0533,1,0.02
id,SUJ-0534,1,0.02
id,SUJ-0535,1,0.02
id,SUJ-0536,1,0.02
id,SUJ-0537,1,0.02
id,SUJ-0538,1,0.02
id,SUJ-0539,1,0.02
id,SUJ-0540,1,0.02
id,SUJ-0541,1,0.02
id,SUJ-0542,1,0.02
id,SUJ-0543,1,0.02
id,SUJ-0544,1,0.02
id,SUJ-0545,1,0.02
id,SUJ-0546,1,0.02
id,SUJ-0547,1,0.02
id,SUJ-0548,1,0.02
id,SUJ-0549,1,0.02
id,SUJ-0550,1,0.02
id,SUJ-0551,1,0.02
id,SUJ-0552,1,0.02
id,SUJ-0553,1,0.02
id,SUJ-0554,1,0.02
id,SUJ-0555,1,0.02
id,SUJ-0556,1,0.02
id,SUJ-0557,1,0.02
id,SUJ-0558,1,0.02
id,SUJ-0559,1,0.02
id,SUJ-0560,1,0.02
id,SUJ-0561,1,0.02
id,SUJ-0562,1,0.02
id,SUJ-0563,1,0.02
id,SUJ-0564,1,0.02
id,SUJ-0565,1,0.02
id,SUJ-0566,1,0.02
id,SUJ-0567,1,0.02
id,SUJ-0568,1,0.02
id,SUJ-0569,1,0.02
id,SUJ-0570,1,0.02
id,SUJ-0571,1,0.02
id,SUJ-0572,1,0.02
id,SUJ-0573,1,0.02
id,SUJ-0574,1,0.02
id,SUJ-0575,1,0.02
id,SUJ-0576,1,0.02
id,SUJ-0577,1,0.02
id,SUJ-0578,1,0.02
id,SUJ-0579,1,0.02
id,SUJ-0580,1,0.02
id,SUJ-0581,1,0.02
id,SUJ-0582,1,0.02
id,SUJ-0583,1,0.02
id,SUJ-0584,1,0.02
id,SUJ-0585,1,0.02
id,SUJ-0586,1,0.02
id,SUJ-0587,1,0.02
id,SUJ-0588,1,0.02
id,SUJ-0589,1,0.02
id,SUJ-0590,1,0.02
id,SUJ-0591,1,0.02
id,SUJ-0592,1,0.02
id,SUJ-0593,1,0.02
id,SUJ-0594,1,0.02
id,SUJ-0595,1,0.02
id,SUJ-0596,1,0.02
id,SUJ-0597,1,0.02
id,SUJ-0598,1,0.02
id,SUJ-0599,1,0.02
id,SUJ-0600,1,0.02
id,SUJ-0601,1,0.02
id,SUJ-0602,1,0.02
id,SUJ-0603,1,0.02
id,SUJ-0604,1,0.02
id,SUJ-0605,1,0.02
id,SUJ-0606,1,0.02
id,SUJ-0607,1,0.02
id,SUJ-0608,1,0.02
id,SUJ-0609,1,0.02
id,SUJ-0610,1,0.02
id,SUJ-0611,1,0.02
id,SUJ-0612,1,0.02
id,SUJ-0613,1,0.02
id,SUJ-0614,1,0.02
id,SUJ-0615,1,0.02
id,SUJ-0616,1,0.02
id,SUJ-0617,1,0.02
id,SUJ-0618,1,0.02
id,SUJ-0619,1,0.02
id,SUJ-0620,1,0.02
id,SUJ-0621,1,0.02
id,SUJ-0622,1,0.02
id,SUJ-0623,1,0.02
id,SUJ-0624,1,0.02
id,SUJ-0625,1,0.02
id,SUJ-0626,1,0.02
id,SUJ-0627,1,0.02
id,SUJ-0628,1,0.02
id,SUJ-0629,1,0.02
id,SUJ-0630,1,0.02
id,SUJ-0631,1,0.02
id,SUJ-0632,1,0.02
id,SUJ-0633,1,0.02
id,SUJ-0634,1,0.02
id,SUJ-0635,1,0.02
id,SUJ-0636,1,0.02
id,SUJ-0637,1,0.02
id,SUJ-0638,1,0.02
id,SUJ-0639,1,0.02
id,SUJ-0640,1,0.02
id,SUJ-0641,1,0.02
id,SUJ-0642,1,0.02
id,SUJ-0643,1,0.02
id,SUJ-0644,1,0.02
id,SUJ-0645,1,0.02
id,SUJ-0646,1,0.02
id,SUJ-0647,1,0.02
id,SUJ-0648,1,0.02
id,SUJ-0649,1,0.02
id,SUJ-0650,1,0.02
id,SUJ-0651,1,0.02
id,SUJ-0652,1,0.02
id,SUJ-0653,1,0.02
id,SUJ-0654,1,0.02
id,SUJ-0655,1,0.02
id,SUJ-0656,1,0.02
id,SUJ-0657,1,0.02
id,SUJ-0658,1,0.02
id,SUJ-0659,1,0.02
id,SUJ-0660,1,0.02
id,SUJ-0661,1,0.02
id,SUJ-0662,1,0.02
id,SUJ-0663,1,0.02
id,SUJ-0664,1,0.02
id,SUJ-0665,1,0.02
id,SUJ-0666,1,0.02
id,SUJ-0667,1,0.02
id,SUJ-0668,1,0.02
id,SUJ-0669,1,0.02
id,SUJ-0670,1,0.02
id,SUJ-0671,1,0.02
id,SUJ-0672,1,0.02
id,SUJ-0673,1,0.02
id,SUJ-0674,1,0.02
id,SUJ-0675,1,0.02
id,SUJ-0676,1,0.02
id,SUJ-0677,1,0.02
id,SUJ-0678,1,0.02
id,SUJ-0679,1,0.02
id,SUJ-0680,1,0.02
id,SUJ-0681,1,0.02
id,SUJ-0682,1,0.02
id,SUJ-0683,1,0.02
id,SUJ-0684,1,0.02
id,SUJ-0685,1,0.02
id,SUJ-0686,1,0.02
id,SUJ-0687,1,0.02
id,SUJ-0688,1,0.02
id,SUJ-0689,1,0.02
id,SUJ-0690,1,0.02
id,SUJ-0691,1,0.02
id,SUJ-0692,1,0.02
id,SUJ-0693,1,0.02
id,SUJ-0694,1,0.02
id,SUJ-0695,1,0.02
id,SUJ-0696,1,0.02
id,SUJ-0697,1,0.02
id,SUJ-0698,1,0.02
id,SUJ-0699,1,0.02
id,SUJ-0700,1,0.02
id,SUJ-0701,1,0.02
id,SUJ-0702,1,0.02
id,SUJ-0703,1,0.02
id,SUJ-0704,1,0.02
id,SUJ-0705,1,0.02
id,SUJ-0706,1,0.02
id,SUJ-0707,1,0.02
id,SUJ-0708,1,0.02
id,SUJ-0709,1,0.02
id,SUJ-0710,1,0.02
id,SUJ-0711,1,0.02
id,SUJ-0712,1,0.02
id,SUJ-0713,1,0.02
id,SUJ-0714,1,0.02
id,SUJ-0715,1,0.02
id,SUJ-0716,1,0.02
id,SUJ-0717,1,0.02
id,SUJ-0718,1,0.02
id,SUJ-0719,1,0.02
id,SUJ-0720,1,0.02
id,SUJ-0721,1,0.02
id,SUJ-0722,1,0.02
id,SUJ-0723,1,0.02
id,SUJ-0724,1,0.02
id,SUJ-0725,1,0.02
id,SUJ-0726,1,0.02
id,SUJ-0727,1,0.02
id,SUJ-0728,1,0.02
id,SUJ-0729,1,0.02
id,SUJ-0730,1,0.02
id,SUJ-0731,1,0.02
id,SUJ-0732,1,0.02
id,SUJ-0733,1,0.02
id,SUJ-0734,1,0.02
id,SUJ-0735,1,0.02
id,SUJ-0736,1,0.02
id,SUJ-0737,1,0.02
id,SUJ-0738,1,0.02
id,SUJ-0739,1,0.02
id,SUJ-0740,1,0.02
id,SUJ-0741,1,0.02
id,SUJ-0742,1,0.02
id,SUJ-0743,1,0.02
id,SUJ-0744,1,0.02
id,SUJ-0745,1,0.02
id,SUJ-0746,1,0.02
id,SUJ-0747,1,0.02
id,SUJ-0748,1,0.02
id,SUJ-0749,1,0.02
id,SUJ-0750,1,0.02
id,SUJ-0751,1,0.02
id,SUJ-0752,1,0.02
id,SUJ-0753,1,0.02
id,SUJ-0754,1,0.02
id,SUJ-0755,1,0.02
id,SUJ-0756,1,0.02
id,SUJ-0757,1,0.02
id,SUJ-0758,1,0.02
id,SUJ-0759,1,0.02
id,SUJ-0760,1,0.02
id,SUJ-0761,1,0.02
id,SUJ-0762,1,0.02
id,SUJ-0763,1,0.02
id,SUJ-0764,1,0.02
id,SUJ-0765,1,0.02
id,SUJ-0766,1,0.02
id,SUJ-0767,1,0.02
id,SUJ-0768,1,0.02
id,SUJ-0769,1,0.02
id,SUJ-0770,1,0.02
id,SUJ-0771,1,0.02
id,SUJ-0772,1,0.02
id,SUJ-0773,1,0.02
id,SUJ-0774,1,0.02
id,SUJ-0775,1,0.02
id,SUJ-0776,1,0.02
id,SUJ-0777,1,0.02
id,SUJ-0778,1,0.02
id,SUJ-0779,1,0.02
id,SUJ-0780,1,0.02
id,SUJ-0781,1,0.02
id,SUJ-0782,1,0.02
id,SUJ-0783,1,0.02
id,SUJ-0784,1,0.02
id,SUJ-0785,1,0.02
id,SUJ-0786,1,0.02
id,SUJ-0787,1,0.02
id,SUJ-0788,1,0.02
id,SUJ-0789,1,0.02
id,SUJ-0790,1,0.02
id,SUJ-0791,1,0.02
id,SUJ-0792,1,0.02
id,SUJ-0793,1,0.02
id,SUJ-0794,1,0.02
id,SUJ-0795,1,0.02
id,SUJ-0796,1,0.02
id,SUJ-0797,1,0.02
id,SUJ-0798,1,0.02
id,SUJ-0799,1,0.02
id,SUJ-0800,1,0.02
id,SUJ-0801,1,0.02
id,SUJ-0802,1,0.02
id,SUJ-0803,1,0.02
id,SUJ-0804,1,0.02
id,SUJ-0805,1,0.02
id,SUJ-0806,1,0.02
id,SUJ-0807,1,0.02
id,SUJ-0808,1,0.02
id,SUJ-0809,1,0.02
id,SUJ-0810,1,0.02
id,SUJ-0811,1,0.02
id,SUJ-0812,1,0.02
id,SUJ-0813,1,0.02
id,SUJ-0814,1,0.02
id,SUJ-0815,1,0.02
id,SUJ-0816,1,0.02
id,SUJ-0817,1,0.02
id,SUJ-0818,1,0.02
id,SUJ-0819,1,0.02
id,SUJ-0820,1,0.02
id,SUJ-0821,1,0.02
id,SUJ-0822,1,0.02
id,SUJ-0823,1,0.02
id,SUJ-0824,1,0.02
id,SUJ-0825,1,0.02
id,SUJ-0826,1,0.02
id,SUJ-0827,1,0.02
id,SUJ-0828,1,0.02
id,SUJ-0829,1,0.02
id,SUJ-0830,1,0.02
id,SUJ-0831,1,0.02
id,SUJ-0832,1,0.02
id,SUJ-0833,1,0.02
id,SUJ-0834,1,0.02
id,SUJ-0835,1,0.02
id,SUJ-0836,1,0.02
id,SUJ-0837,1,0.02
id,SUJ-0838,1,0.02
id,SUJ-0839,1,0.02
id,SUJ-0840,1,0.02
id,SUJ-0841,1,0.02
id,SUJ-0842,1,0.02
id,SUJ-0843,1,0.02
id,SUJ-0844,1,0.02
id,SUJ-0845,1,0.02
id,SUJ-0846,1,0.02
id,SUJ-0847,1,0.02
id,SUJ-0848,1,0.02
id,SUJ-0849,1,0.02
id,SUJ-0850,1,0.02
id,SUJ-0851,1,0.02
id,SUJ-0852,1,0.02
id,SUJ-0853,1,0.02
id,SUJ-0854,1,0.02
id,SUJ-0855,1,0.02
id,SUJ-0856,1,0.02
id,SUJ-0857,1,0.02
id,SUJ-0858,1,0.02
id,SUJ-0859,1,0.02
id,SUJ-0860,1,0.02
id,SUJ-0861,1,0.02
id,SUJ-0862,1,0.02
id,SUJ-0863,1,0.02
id,SUJ-0864,1,0.02
id,SUJ-0865,1,0.02
id,SUJ-0866,1,0.02
id,SUJ-0867,1,0.02
id,SUJ-0868,1,0.02
id,SUJ-0869,1,0.02
id,SUJ-0870,1,0.02
id,SUJ-0871,1,0.02
id,SUJ-0872,1,0.02
id,SUJ-0873,1,0.02
id,SUJ-0874,1,0.02
id,SUJ-0875,1,0.02
id,SUJ-0876,1,0.02
id,SUJ-0877,1,0.02
id,SUJ-0878,1,0.02
id,SUJ-0879,1,0.02
id,SUJ-0880,1,0.02
id,SUJ-0881,1,0.02
id,SUJ-0882,1,0.02
id,SUJ-0883,1,0.02
id,SUJ-0884,1,0.02
id,SUJ-0885,1,0.02
id,SUJ-0886,1,0.02
id,SUJ-0887,1,0.02
id,SUJ-0888,1,0.02
id,SUJ-0889,1,0.02
id,SUJ-0890,1,0.02
id,SUJ-0891,1,0.02
id,SUJ-0892,1,0.02
id,SUJ-0893,1,0.02
id,SUJ-0894,1,0.02
id,SUJ-0895,1,0.02
id,SUJ-0896,1,0.02
id,SUJ-0897,1,0.02
id,SUJ-0898,1,0.02
id,SUJ-0899,1,0.02
id,SUJ-0900,1,0.02
id,SUJ-0901,1,0.02
id,SUJ-0902,1,0.02
id,SUJ-0903,1,0.02
id,SUJ-0904,1,0.02
id,SUJ-0905,1,0.02
id,SUJ-0906,1,0.02
id,SUJ-0907,1,0.02
id,SUJ-0908,1,0.02
id,SUJ-0909,1,0.02
id,SUJ-0910,1,0.02
id,SUJ-0911,1,0.02
id,SUJ-0912,1,0.02
id,SUJ-0913,1,0.02
id,SUJ-0914,1,0.02
id,SUJ-0915,1,0.02
id,SUJ-0916,1,0.02
id,SUJ-0917,1,0.02
id,SUJ-0918,1,0.02
id,SUJ-0919,1,0.02
id,SUJ-0920,1,0.02
id,SUJ-0921,1,0.02
id,SUJ-0922,1,0.02
id,SUJ-0923,1,0.02
id,SUJ-0924,1,0.02
id,SUJ-0925,1,0.02
id,SUJ-0926,1,0.02
id,SUJ-0927,1,0.02
id,SUJ-0928,1,0.02
id,SUJ-0929,1,0.02
id,SUJ-0930,1,0.02
id,SUJ-0931,1,0.02
id,SUJ-0932,1,0.02
id,SUJ-0933,1,0.02
id,SUJ-0934,1,0.02
id,SUJ-0935,1,0.02
id,SUJ-0936,1,0.02
id,SUJ-0937,1,0.02
id,SUJ-0938,1,0.02
id,SUJ-0939,1,0.02
id,SUJ-0940,1,0.02
id,SUJ-0941,1,0.02
id,SUJ-0942,1,0.02
id,SUJ-0943,1,0.02
id,SUJ-0944,1,0.02
id,SUJ-0945,1,0.02
id,SUJ-0946,1,0.02
id,SUJ-0947,1,0.02
id,SUJ-0948,1,0.02
id,SUJ-0949,1,0.02
id,SUJ-0950,1,0.02
id,SUJ-0951,1,0.02
id,SUJ-0952,1,0.02
id,SUJ-0953,1,0.02
id,SUJ-0954,1,0.02
id,SUJ-0955,1,0.02
id,SUJ-0956,1,0.02
id,SUJ-0957,1,0.02
id,SUJ-0958,1,0.02
id,SUJ-0959,1,0.02
id,SUJ-0960,1,0.02
id,SUJ-0961,1,0.02
id,SUJ-0962,1,0.02
id,SUJ-0963,1,0.02
id,SUJ-0964,1,0.02
id,SUJ-0965,1,0.02
id,SUJ-0966,1,0.02
id,SUJ-0967,1,0.02
id,SUJ-0968,1,0.02
id,SUJ-0969,1,0.02
id,SUJ-0970,1,0.02
id,SUJ-0971,1,0.02
id,SUJ-0972,1,0.02
id,SUJ-0973,1,0.02
id,SUJ-0974,1,0.02
id,SUJ-0975,1,0.02
id,SUJ-0976,1,0.02
id,SUJ-0977,1,0.02
id,SUJ-0978,1,0.02
id,SUJ-0979,1,0.02
id,SUJ-0980,1,0.02
id,SUJ-0981,1,0.02
id,SUJ-0982,1,0.02
id,SUJ-0983,1,0.02
id,SUJ-0984,1,0.02
id,SUJ-0985,1,0.02
id,SUJ-0986,1,0.02
id,SUJ-0987,1,0.02
id,SUJ-0988,1,0.02
id,SUJ-0989,1,0.02
id,SUJ-0990,1,0.02
id,SUJ-0991,1,0.02
id,SUJ-0992,1,0.02
id,SUJ-0993,1,0.02
id,SUJ-0994,1,0.02
id,SUJ-0995,1,0.02
id,SUJ-0996,1,0.02
id,SUJ-0997,1,0.02
id,SUJ-0998,1,0.02
id,SUJ-0999,1,0.02
id,SUJ-1000,1,0.02
id,SUJ-1001,1,0.02
id,SUJ-1002,1,0.02
id,SUJ-1003,1,0.02
id,SUJ-1004,1,0.02
id,SUJ-1005,1,0.02
id,SUJ-1006,1,0.02
id,SUJ-1007,1,0.02
id,SUJ-1008,1,0.02
id,SUJ-1009,1,0.02
id,SUJ-1010,1,0.02
id,SUJ-1011,1,0.02
id,SUJ-1012,1,0.02
id,SUJ-1013,1,0.02
id,SUJ-1014,1,0.02
id,SUJ-1015,1,0.02
id,SUJ-1016,1,0.02
id,SUJ-1017,1,0.02
id,SUJ-1018,1,0.02
id,SUJ-1019,1,0.02
id,SUJ-1020,1,0.02
id,SUJ-1021,1,0.02
id,SUJ-1022,1,0.02
id,SUJ-1023,1,0.02
id,SUJ-1024,1,0.02
id,SUJ-1025,1,0.02
id,SUJ-1026,1,0.02
id,SUJ-1027,1,0.02
id,SUJ-1028,1,0.02
id,SUJ-1029,1,0.02
id,SUJ-1030,1,0.02
id,SUJ-1031,1,0.02
id,SUJ-1032,1,0.02
id,SUJ-1033,1,0.02
id,SUJ-1034,1,0.02
id,SUJ-1035,1,0.02
id,SUJ-1036,1,0.02
id,SUJ-1037,1,0.02
id,SUJ-1038,1,0.02
id,SUJ-1039,1,0.02
id,SUJ-1040,1,0.02
id,SUJ-1041,1,0.02
id,SUJ-1042,1,0.02
id,SUJ-1043,1,0.02
id,SUJ-1044,1,0.02
id,SUJ-1045,1,0.02
id,SUJ-1046,1,0.02
id,SUJ-1047,1,0.02
id,SUJ-1048,1,0.02
id,SUJ-1049,1,0.02
id,SUJ-1050,1,0.02
id,SUJ-1051,1,0.02
id,SUJ-1052,1,0.02
id,SUJ-1053,1,0.02
id,SUJ-1054,1,0.02
id,SUJ-1055,1,0.02
id,SUJ-1056,1,0.02
id,SUJ-1057,1,0.02
id,SUJ-1058,1,0.02
id,SUJ-1059,1,0.02
id,SUJ-1060,1,0.02
id,SUJ-1061,1,0.02
id,SUJ-1062,1,0.02
id,SUJ-1063,1,0.02
id,SUJ-1064,1,0.02
id,SUJ-1065,1,0.02
id,SUJ-1066,1,0.02
id,SUJ-1067,1,0.02
id,SUJ-1068,1,0.02
id,SUJ-1069,1,0.02
id,SUJ-1070,1,0.02
id,SUJ-1071,1,0.02
id,SUJ-1072,1,0.02
id,SUJ-1073,1,0.02
id,SUJ-1074,1,0.02
id,SUJ-1075,1,0.02
id,SUJ-1076,1,0.02
id,SUJ-1077,1,0.02
id,SUJ-1078,1,0.02
id,SUJ-1079,1,0.02
id,SUJ-1080,1,0.02
id,SUJ-1081,1,0.02
id,SUJ-1082,1,0.02
id,SUJ-1083,1,0.02
id,SUJ-1084,1,0.02
id,SUJ-1085,1,0.02
id,SUJ-1086,1,0.02
id,SUJ-1087,1,0.02
id,SUJ-1088,1,0.02
id,SUJ-1089,1,0.02
id,SUJ-1090,1,0.02
id,SUJ-1091,1,0.02
id,SUJ-1092,1,0.02
id,SUJ-1093,1,0.02
id,SUJ-1094,1,0.02
id,SUJ-1095,1,0.02
id,SUJ-1096,1,0.02
id,SUJ-1097,1,0.02
id,SUJ-1098,1,0.02
id,SUJ-1099,1,0.02
id,SUJ-1100,1,0.02
id,SUJ-1101,1,0.02
id,SUJ-1102,1,0.02
id,SUJ-1103,1,0.02
id,SUJ-1104,1,0.02
id,SUJ-1105,1,0.02
id,SUJ-1106,1,0.02
id,SUJ-1107,1,0.02
id,SUJ-1108,1,0.02
id,SUJ-1109,1,0.02
id,SUJ-1110,1,0.02
id,SUJ-1111,1,0.02
id,SUJ-1112,1,0.02
id,SUJ-1113,1,0.02
id,SUJ-1114,1,0.02
id,SUJ-1115,1,0.02
id,SUJ-1116,1,0.02
id,SUJ-1117,1,0.02
id,SUJ-1118,1,0.02
id,SUJ-1119,1,0.02
id,SUJ-1120,1,0.02
id,SUJ-1121,1,0.02
id,SUJ-1122,1,0.02
id,SUJ-1123,1,0.02
id,SUJ-1124,1,0.02
id,SUJ-1125,1,0.02
id,SUJ-1126,1,0.02
id,SUJ-1127,1,0.02
id,SUJ-1128,1,0.02
id,SUJ-1129,1,0.02
id,SUJ-1130,1,0.02
id,SUJ-1131,1,0.02
id,SUJ-1132,1,0.02
id,SUJ-1133,1,0.02
id,SUJ-1134,1,0.02
id,SUJ-1135,1,0.02
id,SUJ-1136,1,0.02
id,SUJ-1137,1,0.02
id,SUJ-1138,1,0.02
id,SUJ-1139,1,0.02
id,SUJ-1140,1,0.02
id,SUJ-1141,1,0.02
id,SUJ-1142,1,0.02
id,SUJ-1143,1,0.02
id,SUJ-1144,1,0.02
id,SUJ-1145,1,0.02
id,SUJ-1146,1,0.02
id,SUJ-1147,1,0.02
id,SUJ-1148,1,0.02
id,SUJ-1149,1,0.02
id,SUJ-1150,1,0.02
id,SUJ-1151,1,0.02
id,SUJ-1152,1,0.02
id,SUJ-1153,1,0.02
id,SUJ-1154,1,0.02
id,SUJ-1155,1,0.02
id,SUJ-1156,1,0.02
id,SUJ-1157,1,0.02
id,SUJ-1158,1,0.02
id,SUJ-1159,1,0.02
id,SUJ-1160,1,0.02
id,SUJ-1161,1,0.02
id,SUJ-1162,1,0.02
id,SUJ-1163,1,0.02
id,SUJ-1164,1,0.02
id,SUJ-1165,1,0.02
id,SUJ-1166,1,0.02
id,SUJ-1167,1,0.02
id,SUJ-1168,1,0.02
id,SUJ-1169,1,0.02
id,SUJ-1170,1,0.02
id,SUJ-1171,1,0.02
id,SUJ-1172,1,0.02
id,SUJ-1173,1,0.02
id,SUJ-1174,1,0.02
id,SUJ-1175,1,0.02
id,SUJ-1176,1,0.02
id,SUJ-1177,1,0.02
id,SUJ-1178,1,0.02
id,SUJ-1179,1,0.02
id,SUJ-1180,1,0.02
id,SUJ-1181,1,0.02
id,SUJ-1182,1,0.02
id,SUJ-1183,1,0.02
id,SUJ-1184,1,0.02
id,SUJ-1185,1,0.02
id,SUJ-1186,1,0.02
id,SUJ-1187,1,0.02
id,SUJ-1188,1,0.02
id,SUJ-1189,1,0.02
id,SUJ-1190,1,0.02
id,SUJ-1191,1,0.02
id,SUJ-1192,1,0.02
id,SUJ-1193,1,0.02
id,SUJ-1194,1,0.02
id,SUJ-1195,1,0.02
id,SUJ-1196,1,0.02
id,SUJ-1197,1,0.02
id,SUJ-1198,1,0.02
id,SUJ-1199,1,0.02
id,SUJ-1200,1,0.02
id,SUJ-1201,1,0.02
id,SUJ-1202,1,0.02
id,SUJ-1203,1,0.02
id,SUJ-1204,1,0.02
id,SUJ-1205,1,0.02
id,SUJ-1206,1,0.02
id,SUJ-1207,1,0.02
id,SUJ-1208,1,0.02
id,SUJ-1209,1,0.02
id,SUJ-1210,1,0.02
id,SUJ-1211,1,0.02
id,SUJ-1212,1,0.02
id,SUJ-1213,1,0.02
id,SUJ-1214,1,0.02
id,SUJ-1215,1,0.02
id,SUJ-1216,1,0.02
id,SUJ-1217,1,0.02
id,SUJ-1218,1,0.02
id,SUJ-1219,1,0.02
id,SUJ-1220,1,0.02
id,SUJ-1221,1,0.02
id,SUJ-1222,1,0.02
id,SUJ-1223,1,0.02
id,SUJ-1224,1,0.02
id,SUJ-1225,1,0.02
id,SUJ-1226,1,0.02
id,SUJ-1227,1,0.02
id,SUJ-1228,1,0.02
id,SUJ-1229,1,0.02
id,SUJ-1230,1,0.02
id,SUJ-1231,1,0.02
id,SUJ-1232,1,0.02
id,SUJ-1233,1,0.02
id,SUJ-1234,1,0.02
id,SUJ-1235,1,0.02
id,SUJ-1236,1,0.02
id,SUJ-1237,1,0.02
id,SUJ-1238,1,0.02
id,SUJ-1239,1,0.02
id,SUJ-1240,1,0.02
id,SUJ-1241,1,0.02
id,SUJ-1242,1,0.02
id,SUJ-1243,1,0.02
id,SUJ-1244,1,0.02
id,SUJ-1245,1,0.02
id,SUJ-1246,1,0.02
id,SUJ-1247,1,0.02
id,SUJ-1248,1,0.02
id,SUJ-1249,1,0.02
id,SUJ-1250,1,0.02
id,SUJ-1251,1,0.02
id,SUJ-1252,1,0.02
id,SUJ-1253,1,0.02
id,SUJ-1254,1,0.02
id,SUJ-1255,1,0.02
id,SUJ-1256,1,0.02
id,SUJ-1257,1,0.02
id,SUJ-1258,1,0.02
id,SUJ-1259,1,0.02
id,SUJ-1260,1,0.02
id,SUJ-1261,1,0.02
id,SUJ-1262,1,0.02
id,SUJ-1263,1,0.02
id,SUJ-1264,1,0.02
id,SUJ-1265,1,0.02
id,SUJ-1266,1,0.02
id,SUJ-1267,1,0.02
id,SUJ-1268,1,0.02
id,SUJ-1269,1,0.02
id,SUJ-1270,1,0.02
id,SUJ-1271,1,0.02
id,SUJ-1272,1,0.02
id,SUJ-1273,1,0.02
id,SUJ-1274,1,0.02
id,SUJ-1275,1,0.02
id,SUJ-1276,1,0.02
id,SUJ-1277,1,0.02
id,SUJ-1278,1,0.02
id,SUJ-1279,1,0.02
id,SUJ-1280,1,0.02
id,SUJ-1281,1,0.02
id,SUJ-1282,1,0.02
id,SUJ-1283,1,0.02
id,SUJ-1284,1,0.02
id,SUJ-1285,1,0.02
id,SUJ-1286,1,0.02
id,SUJ-1287,1,0.02
id,SUJ-1288,1,0.02
id,SUJ-1289,1,0.02
id,SUJ-1290,1,0.02
id,SUJ-1291,1,0.02
id,SUJ-1292,1,0.02
id,SUJ-1293,1,0.02
id,SUJ-1294,1,0.02
id,SUJ-1295,1,0.02
id,SUJ-1296,1,0.02
id,SUJ-1297,1,0.02
id,SUJ-1298,1,0.02
id,SUJ-1299,1,0.02
id,SUJ-1300,1,0.02
id,SUJ-1301,1,0.02
id,SUJ-1302,1,0.02
id,SUJ-1303,1,0.02
id,SUJ-1304,1,0.02
id,SUJ-1305,1,0.02
id,SUJ-1306,1,0.02
id,SUJ-1307,1,0.02
id,SUJ-1308,1,0.02
id,SUJ-1309,1,0.02
id,SUJ-1310,1,0.02
id,SUJ-1311,1,0.02
id,SUJ-1312,1,0.02
id,SUJ-1313,1,0.02
id,SUJ-1314,1,0.02
id,SUJ-1315,1,0.02
id,SUJ-1316,1,0.02
id,SUJ-1317,1,0.02
id,SUJ-1318,1,0.02
id,SUJ-1319,1,0.02
id,SUJ-1320,1,0.02
id,SUJ-1321,1,0.02
id,SUJ-1322,1,0.02
id,SUJ-1323,1,0.02
id,SUJ-1324,1,0.02
id,SUJ-1325,1,0.02
id,SUJ-1326,1,0.02
id,SUJ-1327,1,0.02
id,SUJ-1328,1,0.02
id,SUJ-1329,1,0.02
id,SUJ-1330,1,0.02
id,SUJ-1331,1,0.02
id,SUJ-1332,1,0.02
id,SUJ-1333,1,0.02
id,SUJ-1334,1,0.02
id,SUJ-1335,1,0.02
id,SUJ-1336,1,0.02
id,SUJ-1337,1,0.02
id,SUJ-1338,1,0.02
id,SUJ-1339,1,0.02
id,SUJ-1340,1,0.02
id,SUJ-1341,1,0.02
id,SUJ-1342,1,0.02
id,SUJ-1343,1,0.02
id,SUJ-1344,1,0.02
id,SUJ-1345,1,0.02
id,SUJ-1346,1,0.02
id,SUJ-1347,1,0.02
id,SUJ-1348,1,0.02
id,SUJ-1349,1,0.02
id,SUJ-1350,1,0.02
id,SUJ-1351,1,0.02
id,SUJ-1352,1,0.02
id,SUJ-1353,1,0.02
id,SUJ-1354,1,0.02
id,SUJ-1355,1,0.02
id,SUJ-1356,1,0.02
id,SUJ-1357,1,0.02
id,SUJ-1358,1,0.02
id,SUJ-1359,1,0.02
id,SUJ-1360,1,0.02
id,SUJ-1361,1,0.02
id,SUJ-1362,1,0.02
id,SUJ-1363,1,0.02
id,SUJ-1364,1,0.02
id,SUJ-1365,1,0.02
id,SUJ-1366,1,0.02
id,SUJ-1367,1,0.02
id,SUJ-1368,1,0.02
id,SUJ-1369,1,0.02
id,SUJ-1370,1,0.02
id,SUJ-1371,1,0.02
id,SUJ-1372,1,0.02
id,SUJ-1373,1,0.02
id,SUJ-1374,1,0.02
id,SUJ-1375,1,0.02
id,SUJ-1376,1,0.02
id,SUJ-1377,1,0.02
id,SUJ-1378,1,0.02
id,SUJ-1379,1,0.02
id,SUJ-1380,1,0.02
id,SUJ-1381,1,0.02
id,SUJ-1382,1,0.02
id,SUJ-1383,1,0.02
id,SUJ-1384,1,0.02
id,SUJ-1385,1,0.02
id,SUJ-1386,1,0.02
id,SUJ-1387,1,0.02
id,SUJ-1388,1,0.02
id,SUJ-1389,1,0.02
id,SUJ-1390,1,0.02
id,SUJ-1391,1,0.02
id,SUJ-1392,1,0.02
id,SUJ-1393,1,0.02
id,SUJ-1394,1,0.02
id,SUJ-1395,1,0.02
id,SUJ-1396,1,0.02
id,SUJ-1397,1,0.02
id,SUJ-1398,1,0.02
id,SUJ-1399,1,0.02
id,SUJ-1400,1,0.02
id,SUJ-1401,1,0.02
id,SUJ-1402,1,0.02
id,SUJ-1403,1,0.02
id,SUJ-1404,1,0.02
id,SUJ-1405,1,0.02
id,SUJ-1406,1,0.02
id,SUJ-1407,1,0.02
id,SUJ-1408,1,0.02
id,SUJ-1409,1,0.02
id,SUJ-1410,1,0.02
id,SUJ-1411,1,0.02
id,SUJ-1412,1,0.02
id,SUJ-1413,1,0.02
id,SUJ-1414,1,0.02
id,SUJ-1415,1,0.02
id,SUJ-1416,1,0.02
id,SUJ-1417,1,0.02
id,SUJ-1418,1,0.02
id,SUJ-1419,1,0.02
id,SUJ-1420,1,0.02
id,SUJ-1421,1,0.02
id,SUJ-1422,1,0.02
id,SUJ-1423,1,0.02
id,SUJ-1424,1,0.02
id,SUJ-1425,1,0.02
id,SUJ-1426,1,0.02
id,SUJ-1427,1,0.02
id,SUJ-1428,1,0.02
id,SUJ-1429,1,0.02
id,SUJ-1430,1,0.02
id,SUJ-1431,1,0.02
id,SUJ-1432,1,0.02
id,SUJ-1433,1,0.02
id,SUJ-1434,1,0.02
id,SUJ-1435,1,0.02
id,SUJ-1436,1,0.02
id,SUJ-1437,1,0.02
id,SUJ-1438,1,0.02
id,SUJ-1439,1,0.02
id,SUJ-1440,1,0.02
id,SUJ-1441,1,0.02
id,SUJ-1442,1,0.02
id,SUJ-1443,1,0.02
id,SUJ-1444,1,0.02
id,SUJ-1445,1,0.02
id,SUJ-1446,1,0.02
id,SUJ-1447,1,0.02
id,SUJ-1448,1,0.02
id,SUJ-1449,1,0.02
id,SUJ-1450,1,0.02
id,SUJ-1451,1,0.02
id,SUJ-1452,1,0.02
id,SUJ-1453,1,0.02
id,SUJ-1454,1,0.02
id,SUJ-1455,1,0.02
id,SUJ-1456,1,0.02
id,SUJ-1457,1,0.02
id,SUJ-1458,1,0.02
id,SUJ-1459,1,0.02
id,SUJ-1460,1,0.02
id,SUJ-1461,1,0.02
id,SUJ-1462,1,0.02
id,SUJ-1463,1,0.02
id,SUJ-1464,1,0.02
id,SUJ-1465,1,0.02
id,SUJ-1466,1,0.02
id,SUJ-1467,1,0.02
id,SUJ-1468,1,0.02
id,SUJ-1469,1,0.02
id,SUJ-1470,1,0.02
id,SUJ-1471,1,0.02
id,SUJ-1472,1,0.02
id,SUJ-1473,1,0.02
id,SUJ-1474,1,0.02
id,SUJ-1475,1,0.02
id,SUJ-1476,1,0.02
id,SUJ-1477,1,0.02
id,SUJ-1478,1,0.02
id,SUJ-1479,1,0.02
id,SUJ-1480,1,0.02
id,SUJ-1481,1,0.02
id,SUJ-1482,1,0.02
id,SUJ-1483,1,0.02
id,SUJ-1484,1,0.02
id,SUJ-1485,1,0.02
id,SUJ-1486,1,0.02
id,SUJ-1487,1,0.02
id,SUJ-1488,1,0.02
id,SUJ-1489,1,0.02
id,SUJ-1490,1,0.02
id,SUJ-1491,1,0.02
id,SUJ-1492,1,0.02
id,SUJ-1493,1,0.02
id,SUJ-1494,1,0.02
id,SUJ-1495,1,0.02
id,SUJ-1496,1,0.02
id,SUJ-1497,1,0.02
id,SUJ-1498,1,0.02
id,SUJ-1499,1,0.02
id,SUJ-1500,1,0.02
id,SUJ-1501,1,0.02
id,SUJ-1502,1,0.02
id,SUJ-1503,1,0.02
id,SUJ-1504,1,0.02
id,SUJ-1505,1,0.02
id,SUJ-1506,1,0.02
id,SUJ-1507,1,0.02
id,SUJ-1508,1,0.02
id,SUJ-1509,1,0.02
id,SUJ-1510,1,0.02
id,SUJ-1511,1,0.02
id,SUJ-1512,1,0.02
id,SUJ-1513,1,0.02
id,SUJ-1514,1,0.02
id,SUJ-1515,1,0.02
id,SUJ-1516,1,0.02
id,SUJ-1517,1,0.02
id,SUJ-1518,1,0.02
id,SUJ-1519,1,0.02
id,SUJ-1520,1,0.02
id,SUJ-1521,1,0.02
id,SUJ-1522,1,0.02
id,SUJ-1523,1,0.02
id,SUJ-1524,1,0.02
id,SUJ-1525,1,0.02
id,SUJ-1526,1,0.02
id,SUJ-1527,1,0.02
id,SUJ-1528,1,0.02
id,SUJ-1529,1,0.02
id,SUJ-1530,1,0.02
id,SUJ-1531,1,0.02
id,SUJ-1532,1,0.02
id,SUJ-1533,1,0.02
id,SUJ-1534,1,0.02
id,SUJ-1535,1,0.02
id,SUJ-1536,1,0.02
id,SUJ-1537,1,0.02
id,SUJ-1538,1,0.02
id,SUJ-1539,1,0.02
id,SUJ-1540,1,0.02
id,SUJ-1541,1,0.02
id,SUJ-1542,1,0.02
id,SUJ-1543,1,0.02
id,SUJ-1544,1,0.02
id,SUJ-1545,1,0.02
id,SUJ-1546,1,0.02
id,SUJ-1547,1,0.02
id,SUJ-1548,1,0.02
id,SUJ-1549,1,0.02
id,SUJ-1550,1,0.02
id,SUJ-1551,1,0.02
id,SUJ-1552,1,0.02
id,SUJ-1553,1,0.02
id,SUJ-1554,1,0.02
id,SUJ-1555,1,0.02
id,SUJ-1556,1,0.02
id,SUJ-1557,1,0.02
id,SUJ-1558,1,0.02
id,SUJ-1559,1,0.02
id,SUJ-1560,1,0.02
id,SUJ-1561,1,0.02
id,SUJ-1562,1,0.02
id,SUJ-1563,1,0.02
id,SUJ-1564,1,0.02
id,SUJ-1565,1,0.02
id,SUJ-1566,1,0.02
id,SUJ-1567,1,0.02
id,SUJ-1568,1,0.02
id,SUJ-1569,1,0.02
id,SUJ-1570,1,0.02
id,SUJ-1571,1,0.02
id,SUJ-1572,1,0.02
id,SUJ-1573,1,0.02
id,SUJ-1574,1,0.02
id,SUJ-1575,1,0.02
id,SUJ-1576,1,0.02
id,SUJ-1577,1,0.02
id,SUJ-1578,1,0.02
id,SUJ-1579,1,0.02
id,SUJ-1580,1,0.02
id,SUJ-1581,1,0.02
id,SUJ-1582,1,0.02
id,SUJ-1583,1,0.02
id,SUJ-1584,1,0.02
id,SUJ-1585,1,0.02
id,SUJ-1586,1,0.02
id,SUJ-1587,1,0.02
id,SUJ-1588,1,0.02
id,SUJ-1589,1,0.02
id,SUJ-1590,1,0.02
id,SUJ-1591,1,0.02
id,SUJ-1592,1,0.02
id,SUJ-1593,1,0.02
id,SUJ-1594,1,0.02
id,SUJ-1595,1,0.02
id,SUJ-1596,1,0.02
id,SUJ-1597,1,0.02
id,SUJ-1598,1,0.02
id,SUJ-1599,1,0.02
id,SUJ-1600,1,0.02
id,SUJ-1601,1,0.02
id,SUJ-1602,1,0.02
id,SUJ-1603,1,0.02
id,SUJ-1604,1,0.02
id,SUJ-1605,1,0.02
id,SUJ-1606,1,0.02
id,SUJ-1607,1,0.02
id,SUJ-1608,1,0.02
id,SUJ-1609,1,0.02
id,SUJ-1610,1,0.02
id,SUJ-1611,1,0.02
id,SUJ-1612,1,0.02
id,SUJ-1613,1,0.02
id,SUJ-1614,1,0.02
id,SUJ-1615,1,0.02
id,SUJ-1616,1,0.02
id,SUJ-1617,1,0.02
id,SUJ-1618,1,0.02
id,SUJ-1619,1,0.02
id,SUJ-1620,1,0.02
id,SUJ-1621,1,0.02
id,SUJ-1622,1,0.02
id,SUJ-1623,1,0.02
id,SUJ-1624,1,0.02
id,SUJ-1625,1,0.02
id,SUJ-1626,1,0.02
id,SUJ-1627,1,0.02
id,SUJ-1628,1,0.02
id,SUJ-1629,1,0.02
id,SUJ-1630,1,0.02
id,SUJ-1631,1,0.02
id,SUJ-1632,1,0.02
id,SUJ-1633,1,0.02
id,SUJ-1634,1,0.02
id,SUJ-1635,1,0.02
id,SUJ-1636,1,0.02
id,SUJ-1637,1,0.02
id,SUJ-1638,1,0.02
id,SUJ-1639,1,0.02
id,SUJ-1640,1,0.02
id,SUJ-1641,1,0.02
id,SUJ-1642,1,0.02
id,SUJ-1643,1,0.02
id,SUJ-1644,1,0.02
id,SUJ-1645,1,0.02
id,SUJ-1646,1,0.02
id,SUJ-1647,1,0.02
id,SUJ-1648,1,0.02
id,SUJ-1649,1,0.02
id,SUJ-1650,1,0.02
id,SUJ-1651,1,0.02
id,SUJ-1652,1,0.02
id,SUJ-1653,1,0.02
id,SUJ-1654,1,0.02
id,SUJ-1655,1,0.02
id,SUJ-1656,1,0.02
id,SUJ-1657,1,0.02
id,SUJ-1658,1,0.02
id,SUJ-1659,1,0.02
id,SUJ-1660,1,0.02
id,SUJ-1661,1,0.02
id,SUJ-1662,1,0.02
id,SUJ-1663,1,0.02
id,SUJ-1664,1,0.02
id,SUJ-1665,1,0.02
id,SUJ-1666,1,0.02
id,SUJ-1667,1,0.02
id,SUJ-1668,1,0.02
id,SUJ-1669,1,0.02
id,SUJ-1670,1,0.02
id,SUJ-1671,1,0.02
id,SUJ-1672,1,0.02
id,SUJ-1673,1,0.02
id,SUJ-1674,1,0.02
id,SUJ-1675,1,0.02
id,SUJ-1676,1,0.02
id,SUJ-1677,1,0.02
id,SUJ-1678,1,0.02
id,SUJ-1679,1,0.02
id,SUJ-1680,1,0.02
id,SUJ-1681,1,0.02
id,SUJ-1682,1,0.02
id,SUJ-1683,1,0.02
id,SUJ-1684,1,0.02
id,SUJ-1685,1,0.02
id,SUJ-1686,1,0.02
id,SUJ-1687,1,0.02
id,SUJ-1688,1,0.02
id,SUJ-1689,1,0.02
id,SUJ-1690,1,0.02
id,SUJ-1691,1,0.02
id,SUJ-1692,1,0.02
id,SUJ-1693,1,0.02
id,SUJ-1694,1,0.02
id,SUJ-1695,1,0.02
id,SUJ-1696,1,0.02
id,SUJ-1697,1,0.02
id,SUJ-1698,1,0.02
id,SUJ-1699,1,0.02
id,SUJ-1700,1,0.02
id,SUJ-1701,1,0.02
id,SUJ-1702,1,0.02
id,SUJ-1703,1,0.02
id,SUJ-1704,1,0.02
id,SUJ-1705,1,0.02
id,SUJ-1706,1,0.02
id,SUJ-1707,1,0.02
id,SUJ-1708,1,0.02
id,SUJ-1709,1,0.02
id,SUJ-1710,1,0.02
id,SUJ-1711,1,0.02
id,SUJ-1712,1,0.02
id,SUJ-1713,1,0.02
id,SUJ-1714,1,0.02
id,SUJ-1715,1,0.02
id,SUJ-1716,1,0.02
id,SUJ-1717,1,0.02
id,SUJ-1718,1,0.02
id,SUJ-1719,1,0.02
id,SUJ-1720,1,0.02
id,SUJ-1721,1,0.02
id,SUJ-1722,1,0.02
id,SUJ-1723,1,0.02
id,SUJ-1724,1,0.02
id,SUJ-1725,1,0.02
id,SUJ-1726,1,0.02
id,SUJ-1727,1,0.02
id,SUJ-1728,1,0.02
id,SUJ-1729,1,0.02
id,SUJ-1730,1,0.02
id,SUJ-1731,1,0.02
id,SUJ-1732,1,0.02
id,SUJ-1733,1,0.02
id,SUJ-1734,1,0.02
id,SUJ-1735,1,0.02
id,SUJ-1736,1,0.02
id,SUJ-1737,1,0.02
id,SUJ-1738,1,0.02
id,SUJ-1739,1,0.02
id,SUJ-1740,1,0.02
id,SUJ-1741,1,0.02
id,SUJ-1742,1,0.02
id,SUJ-1743,1,0.02
id,SUJ-1744,1,0.02
id,SUJ-1745,1,0.02
id,SUJ-1746,1,0.02
id,SUJ-1747,1,0.02
id,SUJ-1748,1,0.02
id,SUJ-1749,1,0.02
id,SUJ-1750,1,0.02
id,SUJ-1751,1,0.02
id,SUJ-1752,1,0.02
id,SUJ-1753,1,0.02
id,SUJ-1754,1,0.02
id,SUJ-1755,1,0.02
id,SUJ-1756,1,0.02
id,SUJ-1757,1,0.02
id,SUJ-1758,1,0.02
id,SUJ-1759,1,0.02
id,SUJ-1760,1,0.02
id,SUJ-1761,1,0.02
id,SUJ-1762,1,0.02
id,SUJ-1763,1,0.02
id,SUJ-1764,1,0.02
id,SUJ-1765,1,0.02
id,SUJ-1766,1,0.02
id,SUJ-1767,1,0.02
id,SUJ-1768,1,0.02
id,SUJ-1769,1,0.02
id,SUJ-1770,1,0.02
id,SUJ-1771,1,0.02
id,SUJ-1772,1,0.02
id,SUJ-1773,1,0.02
id,SUJ-1774,1,0.02
id,SUJ-1775,1,0.02
id,SUJ-1776,1,0.02
id,SUJ-1777,1,0.02
id,SUJ-1778,1,0.02
id,SUJ-1779,1,0.02
id,SUJ-1780,1,0.02
id,SUJ-1781,1,0.02
id,SUJ-1782,1,0.02
id,SUJ-1783,1,0.02
id,SUJ-1784,1,0.02
id,SUJ-1785,1,0.02
id,SUJ-1786,1,0.02
id,SUJ-1787,1,0.02
id,SUJ-1788,1,0.02
id,SUJ-1789,1,0.02
id,SUJ-1790,1,0.02
id,SUJ-1791,1,0.02
id,SUJ-1792,1,0.02
id,SUJ-1793,1,0.02
id,SUJ-1794,1,0.02
id,SUJ-1795,1,0.02
id,SUJ-1796,1,0.02
id,SUJ-1797,1,0.02
id,SUJ-1798,1,0.02
id,SUJ-1799,1,0.02
id,SUJ-1800,1,0.02
id,SUJ-1801,1,0.02
id,SUJ-1802,1,0.02
id,SUJ-1803,1,0.02
id,SUJ-1804,1,0.02
id,SUJ-1805,1,0.02
id,SUJ-1806,1,0.02
id,SUJ-1807,1,0.02
id,SUJ-1808,1,0.02
id,SUJ-1809,1,0.02
id,SUJ-1810,1,0.02
id,SUJ-1811,1,0.02
id,SUJ-1812,1,0.02
id,SUJ-1813,1,0.02
id,SUJ-1814,1,0.02
id,SUJ-1815,1,0.02
id,SUJ-1816,1,0.02
id,SUJ-1817,1,0.02
id,SUJ-1818,1,0.02
id,SUJ-1819,1,0.02
id,SUJ-1820,1,0.02
id,SUJ-1821,1,0.02
id,SUJ-1822,1,0.02
id,SUJ-1823,1,0.02
id,SUJ-1824,1,0.02
id,SUJ-1825,1,0.02
id,SUJ-1826,1,0.02
id,SUJ-1827,1,0.02
id,SUJ-1828,1,0.02
id,SUJ-1829,1,0.02
id,SUJ-1830,1,0.02
id,SUJ-1831,1,0.02
id,SUJ-1832,1,0.02
id,SUJ-1833,1,0.02
id,SUJ-1834,1,0.02
id,SUJ-1835,1,0.02
id,SUJ-1836,1,0.02
id,SUJ-1837,1,0.02
id,SUJ-1838,1,0.02
id,SUJ-1839,1,0.02
id,SUJ-1840,1,0.02
id,SUJ-1841,1,0.02
id,SUJ-1842,1,0.02
id,SUJ-1843,1,0.02
id,SUJ-1844,1,0.02
id,SUJ-1845,1,0.02
id,SUJ-1846,1,0.02
id,SUJ-1847,1,0.02
id,SUJ-1848,1,0.02
id,SUJ-1849,1,0.02
id,SUJ-1850,1,0.02
id,SUJ-1851,1,0.02
id,SUJ-1852,1,0.02
id,SUJ-1853,1,0.02
id,SUJ-1854,1,0.02
id,SUJ-1855,1,0.02
id,SUJ-1856,1,0.02
id,SUJ-1857,1,0.02
id,SUJ-1858,1,0.02
id,SUJ-1859,1,0.02
id,SUJ-1860,1,0.02
id,SUJ-1861,1,0.02
id,SUJ-1862,1,0.02
id,SUJ-1863,1,0.02
id,SUJ-1864,1,0.02
id,SUJ-1865,1,0.02
id,SUJ-1866,1,0.02
id,SUJ-1867,1,0.02
id,SUJ-1868,1,0.02
id,SUJ-1869,1,0.02
id,SUJ-1870,1,0.02
id,SUJ-1871,1,0.02
id,SUJ-1872,1,0.02
id,SUJ-1873,1,0.02
id,SUJ-1874,1,0.02
id,SUJ-1875,1,0.02
id,SUJ-1876,1,0.02
id,SUJ-1877,1,0.02
id,SUJ-1878,1,0.02
id,SUJ-1879,1,0.02
id,SUJ-1880,1,0.02
id,SUJ-1881,1,0.02
id,SUJ-1882,1,0.02
id,SUJ-1883,1,0.02
id,SUJ-1884,1,0.02
id,SUJ-1885,1,0.02
id,SUJ-1886,1,0.02
id,SUJ-1887,1,0.02
id,SUJ-1888,1,0.02
id,SUJ-1889,1,0.02
id,SUJ-1890,1,0.02
id,SUJ-1891,1,0.02
id,SUJ-1892,1,0.02
id,SUJ-1893,1,0.02
id,SUJ-1894,1,0.02
id,SUJ-1895,1,0.02
id,SUJ-1896,1,0.02
id,SUJ-1897,1,0.02
id,SUJ-1898,1,0.02
id,SUJ-1899,1,0.02
id,SUJ-1900,1,0.02
id,SUJ-1901,1,0.02
id,SUJ-1902,1,0.02
id,SUJ-1903,1,0.02
id,SUJ-1904,1,0.02
id,SUJ-1905,1,0.02
id,SUJ-1906,1,0.02
id,SUJ-1907,1,0.02
id,SUJ-1908,1,0.02
id,SUJ-1909,1,0.02
id,SUJ-1910,1,0.02
id,SUJ-1911,1,0.02
id,SUJ-1912,1,0.02
id,SUJ-1913,1,0.02
id,SUJ-1914,1,0.02
id,SUJ-1915,1,0.02
id,SUJ-1916,1,0.02
id,SUJ-1917,1,0.02
id,SUJ-1918,1,0.02
id,SUJ-1919,1,0.02
id,SUJ-1920,1,0.02
id,SUJ-1921,1,0.02
id,SUJ-1922,1,0.02
id,SUJ-1923,1,0.02
id,SUJ-1924,1,0.02
id,SUJ-1925,1,0.02
id,SUJ-1926,1,0.02
id,SUJ-1927,1,0.02
id,SUJ-1928,1,0.02
id,SUJ-1929,1,0.02
id,SUJ-1930,1,0.02
id,SUJ-1931,1,0.02
id,SUJ-1932,1,0.02
id,SUJ-1933,1,0.02
id,SUJ-1934,1,0.02
id,SUJ-1935,1,0.02
id,SUJ-1936,1,0.02
id,SUJ-1937,1,0.02
id,SUJ-1938,1,0.02
id,SUJ-1939,1,0.02
id,SUJ-1940,1,0.02
id,SUJ-1941,1,0.02
id,SUJ-1942,1,0.02
id,SUJ-1943,1,0.02
id,SUJ-1944,1,0.02
id,SUJ-1945,1,0.02
id,SUJ-1946,1,0.02
id,SUJ-1947,1,0.02
id,SUJ-1948,1,0.02
id,SUJ-1949,1,0.02
id,SUJ-1950,1,0.02
id,SUJ-1951,1,0.02
id,SUJ-1952,1,0.02
id,SUJ-1953,1,0.02
id,SUJ-1954,1,0.02
id,SUJ-1955,1,0.02
id,SUJ-1956,1,0.02
id,SUJ-1957,1,0.02
id,SUJ-1958,1,0.02
id,SUJ-1959,1,0.02
id,SUJ-1960,1,0.02
id,SUJ-1961,1,0.02
id,SUJ-1962,1,0.02
id,SUJ-1963,1,0.02
id,SUJ-1964,1,0.02
id,SUJ-1965,1,0.02
id,SUJ-1966,1,0.02
id,SUJ-1967,1,0.02
id,SUJ-1968,1,0.02
id,SUJ-1969,1,0.02
id,SUJ-1970,1,0.02
id,SUJ-1971,1,0.02
id,SUJ-1972,1,0.02
id,SUJ-1973,1,0.02
id,SUJ-1974,1,0.02
id,SUJ-1975,1,0.02
id,SUJ-1976,1,0.02
id,SUJ-1977,1,0.02
id,SUJ-1978,1,0.02
id,SUJ-1979,1,0.02
id,SUJ-1980,1,0.02
id,SUJ-1981,1,0.02
id,SUJ-1982,1,0.02
id,SUJ-1983,1,0.02
id,SUJ-1984,1,0.02
id,SUJ-1985,1,0.02
id,SUJ-1986,1,0.02
id,SUJ-1987,1,0.02
id,SUJ-1988,1,0.02
id,SUJ-1989,1,0.02
id,SUJ-1990,1,0.02
id,SUJ-1991,1,0.02
id,SUJ-1992,1,0.02
id,SUJ-1993,1,0.02
id,SUJ-1994,1,0.02
id,SUJ-1995,1,0.02
id,SUJ-1996,1,0.02
id,SUJ-1997,1,0.02
id,SUJ-1998,1,0.02
id,SUJ-1999,1,0.02
id,SUJ-2000,1,0.02
id,SUJ-2001,1,0.02
id,SUJ-2002,1,0.02
id,SUJ-2003,1,0.02
id,SUJ-2004,1,0.02
id,SUJ-2005,1,0.02
id,SUJ-2006,1,0.02
id,SUJ-2007,1,0.02
id,SUJ-2008,1,0.02
id,SUJ-2009,1,0.02
id,SUJ-2010,1,0.02
id,SUJ-2011,1,0.02
id,SUJ-2012,1,0.02
id,SUJ-2013,1,0.02
id,SUJ-2014,1,0.02
id,SUJ-2015,1,0.02
id,SUJ-2016,1,0.02
id,SUJ-2017,1,0.02
id,SUJ-2018,1,0.02
id,SUJ-2019,1,0.02
id,SUJ-2020,1,0.02
id,SUJ-2021,1,0.02
id,SUJ-2022,1,0.02
id,SUJ-2023,1,0.02
id,SUJ-2024,1,0.02
id,SUJ-2025,1,0.02
id,SUJ-2026,1,0.02
id,SUJ-2027,1,0.02
id,SUJ-2028,1,0.02
id,SUJ-2029,1,0.02
id,SUJ-2030,1,0.02
id,SUJ-2031,1,0.02
id,SUJ-2032,1,0.02
id,SUJ-2033,1,0.02
id,SUJ-2034,1,0.02
id,SUJ-2035,1,0.02
id,SUJ-2036,1,0.02
id,SUJ-2037,1,0.02
id,SUJ-2038,1,0.02
id,SUJ-2039,1,0.02
id,SUJ-2040,1,0.02
id,SUJ-2041,1,0.02
id,SUJ-2042,1,0.02
id,SUJ-2043,1,0.02
id,SUJ-2044,1,0.02
id,SUJ-2045,1,0.02
id,SUJ-2046,1,0.02
id,SUJ-2047,1,0.02
id,SUJ-2048,1,0.02
id,SUJ-2049,1,0.02
id,SUJ-2050,1,0.02
id,SUJ-2051,1,0.02
id,SUJ-2052,1,0.02
id,SUJ-2053,1,0.02
id,SUJ-2054,1,0.02
id,SUJ-2055,1,0.02
id,SUJ-2056,1,0.02
id,SUJ-2057,1,0.02
id,SUJ-2058,1,0.02
id,SUJ-2059,1,0.02
id,SUJ-2060,1,0.02
id,SUJ-2061,1,0.02
id,SUJ-2062,1,0.02
id,SUJ-2063,1,0.02
id,SUJ-2064,1,0.02
id,SUJ-2065,1,0.02
id,SUJ-2066,1,0.02
id,SUJ-2067,1,0.02
id,SUJ-2068,1,0.02
id,SUJ-2069,1,0.02
id,SUJ-2070,1,0.02
id,SUJ-2071,1,0.02
id,SUJ-2072,1,0.02
id,SUJ-2073,1,0.02
id,SUJ-2074,1,0.02
id,SUJ-2075,1,0.02
id,SUJ-2076,1,0.02
id,SUJ-2077,1,0.02
id,SUJ-2078,1,0.02
id,SUJ-2079,1,0.02
id,SUJ-2080,1,0.02
id,SUJ-2081,1,0.02
id,SUJ-2082,1,0.02
id,SUJ-2083,1,0.02
id,SUJ-2084,1,0.02
id,SUJ-2085,1,0.02
id,SUJ-2086,1,0.02
id,SUJ-2087,1,0.02
id,SUJ-2088,1,0.02
id,SUJ-2089,1,0.02
id,SUJ-2090,1,0.02
id,SUJ-2091,1,0.02
id,SUJ-2092,1,0.02
id,SUJ-2093,1,0.02
id,SUJ-2094,1,0.02
id,SUJ-2095,1,0.02
id,SUJ-2096,1,0.02
id,SUJ-2097,1,0.02
id,SUJ-2098,1,0.02
id,SUJ-2099,1,0.02
id,SUJ-2100,1,0.02
id,SUJ-2101,1,0.02
id,SUJ-2102,1,0.02
id,SUJ-2103,1,0.02
id,SUJ-2104,1,0.02
id,SUJ-2105,1,0.02
id,SUJ-2106,1,0.02
id,SUJ-2107,1,0.02
id,SUJ-2108,1,0.02
id,SUJ-2109,1,0.02
id,SUJ-2110,1,0.02
id,SUJ-2111,1,0.02
id,SUJ-2112,1,0.02
id,SUJ-2113,1,0.02
id,SUJ-2114,1,0.02
id,SUJ-2115,1,0.02
id,SUJ-2116,1,0.02
id,SUJ-2117,1,0.02
id,SUJ-2118,1,0.02
id,SUJ-2119,1,0.02
id,SUJ-2120,1,0.02
id,SUJ-2121,1,0.02
id,SUJ-2122,1,0.02
id,SUJ-2123,1,0.02
id,SUJ-2124,1,0.02
id,SUJ-2125,1,0.02
id,SUJ-2126,1,0.02
id,SUJ-2127,1,0.02
id,SUJ-2128,1,0.02
id,SUJ-2129,1,0.02
id,SUJ-2130,1,0.02
id,SUJ-2131,1,0.02
id,SUJ-2132,1,0.02
id,SUJ-2133,1,0.02
id,SUJ-2134,1,0.02
id,SUJ-2135,1,0.02
id,SUJ-2136,1,0.02
id,SUJ-2137,1,0.02
id,SUJ-2138,1,0.02
id,SUJ-2139,1,0.02
id,SUJ-2140,1,0.02
id,SUJ-2141,1,0.02
id,SUJ-2142,1,0.02
id,SUJ-2143,1,0.02
id,SUJ-2144,1,0.02
id,SUJ-2145,1,0.02
id,SUJ-2146,1,0.02
id,SUJ-2147,1,0.02
id,SUJ-2148,1,0.02
id,SUJ-2149,1,0.02
id,SUJ-2150,1,0.02
id,SUJ-2151,1,0.02
id,SUJ-2152,1,0.02
id,SUJ-2153,1,0.02
id,SUJ-2154,1,0.02
id,SUJ-2155,1,0.02
id,SUJ-2156,1,0.02
id,SUJ-2157,1,0.02
id,SUJ-2158,1,0.02
id,SUJ-2159,1,0.02
id,SUJ-2160,1,0.02
id,SUJ-2161,1,0.02
id,SUJ-2162,1,0.02
id,SUJ-2163,1,0.02
id,SUJ-2164,1,0.02
id,SUJ-2165,1,0.02
id,SUJ-2166,1,0.02
id,SUJ-2167,1,0.02
id,SUJ-2168,1,0.02
id,SUJ-2169,1,0.02
id,SUJ-2170,1,0.02
id,SUJ-2171,1,0.02
id,SUJ-2172,1,0.02
id,SUJ-2173,1,0.02
id,SUJ-2174,1,0.02
id,SUJ-2175,1,0.02
id,SUJ-2176,1,0.02
id,SUJ-2177,1,0.02
id,SUJ-2178,1,0.02
id,SUJ-2179,1,0.02
id,SUJ-2180,1,0.02
id,SUJ-2181,1,0.02
id,SUJ-2182,1,0.02
id,SUJ-2183,1,0.02
id,SUJ-2184,1,0.02
id,SUJ-2185,1,0.02
id,SUJ-2186,1,0.02
id,SUJ-2187,1,0.02
id,SUJ-2188,1,0.02
id,SUJ-2189,1,0.02
id,SUJ-2190,1,0.02
id,SUJ-2191,1,0.02
id,SUJ-2192,1,0.02
id,SUJ-2193,1,0.02
id,SUJ-2194,1,0.02
id,SUJ-2195,1,0.02
id,SUJ-2196,1,0.02
id,SUJ-2197,1,0.02
id,SUJ-2198,1,0.02
id,SUJ-2199,1,0.02
id,SUJ-2200,1,0.02
id,SUJ-2201,1,0.02
id,SUJ-2202,1,0.02
id,SUJ-2203,1,0.02
id,SUJ-2204,1,0.02
id,SUJ-2205,1,0.02
id,SUJ-2206,1,0.02
id,SUJ-2207,1,0.02
id,SUJ-2208,1,0.02
id,SUJ-2209,1,0.02
id,SUJ-2210,1,0.02
id,SUJ-2211,1,0.02
id,SUJ-2212,1,0.02
id,SUJ-2213,1,0.02
id,SUJ-2214,1,0.02
id,SUJ-2215,1,0.02
id,SUJ-2216,1,0.02
id,SUJ-2217,1,0.02
id,SUJ-2218,1,0.02
id,SUJ-2219,1,0.02
id,SUJ-2220,1,0.02
id,SUJ-2221,1,0.02
id,SUJ-2222,1,0.02
id,SUJ-2223,1,0.02
id,SUJ-2224,1,0.02
id,SUJ-2225,1,0.02
id,SUJ-2226,1,0.02
id,SUJ-2227,1,0.02
id,SUJ-2228,1,0.02
id,SUJ-2229,1,0.02
id,SUJ-2230,1,0.02
id,SUJ-2231,1,0.02
id,SUJ-2232,1,0.02
id,SUJ-2233,1,0.02
id,SUJ-2234,1,0.02
id,SUJ-2235,1,0.02
id,SUJ-2236,1,0.02
id,SUJ-2237,1,0.02
id,SUJ-2238,1,0.02
id,SUJ-2239,1,0.02
id,SUJ-2240,1,0.02
id,SUJ-2241,1,0.02
id,SUJ-2242,1,0.02
id,SUJ-2243,1,0.02
id,SUJ-2244,1,0.02
id,SUJ-2245,1,0.02
id,SUJ-2246,1,0.02
id,SUJ-2247,1,0.02
id,SUJ-2248,1,0.02
id,SUJ-2249,1,0.02
id,SUJ-2250,1,0.02
id,SUJ-2251,1,0.02
id,SUJ-2252,1,0.02
id,SUJ-2253,1,0.02
id,SUJ-2254,1,0.02
id,SUJ-2255,1,0.02
id,SUJ-2256,1,0.02
id,SUJ-2257,1,0.02
id,SUJ-2258,1,0.02
id,SUJ-2259,1,0.02
id,SUJ-2260,1,0.02
id,SUJ-2261,1,0.02
id,SUJ-2262,1,0.02
id,SUJ-2263,1,0.02
id,SUJ-2264,1,0.02
id,SUJ-2265,1,0.02
id,SUJ-2266,1,0.02
id,SUJ-2267,1,0.02
id,SUJ-2268,1,0.02
id,SUJ-2269,1,0.02
id,SUJ-2270,1,0.02
id,SUJ-2271,1,0.02
id,SUJ-2272,1,0.02
id,SUJ-2273,1,0.02
id,SUJ-2274,1,0.02
id,SUJ-2275,1,0.02
id,SUJ-2276,1,0.02
id,SUJ-2277,1,0.02
id,SUJ-2278,1,0.02
id,SUJ-2279,1,0.02
id,SUJ-2280,1,0.02
id,SUJ-2281,1,0.02
id,SUJ-2282,1,0.02
id,SUJ-2283,1,0.02
id,SUJ-2284,1,0.02
id,SUJ-2285,1,0.02
id,SUJ-2286,1,0.02
id,SUJ-2287,1,0.02
id,SUJ-2288,1,0.02
id,SUJ-2289,1,0.02
id,SUJ-2290,1,0.02
id,SUJ-2291,1,0.02
id,SUJ-2292,1,0.02
id,SUJ-2293,1,0.02
id,SUJ-2294,1,0.02
id,SUJ-2295,1,0.02
id,SUJ-2296,1,0.02
id,SUJ-2297,1,0.02
id,SUJ-2298,1,0.02
id,SUJ-2299,1,0.02
id,SUJ-2300,1,0.02
id,SUJ-2301,1,0.02
id,SUJ-2302,1,0.02
id,SUJ-2303,1,0.02
id,SUJ-2304,1,0.02
id,SUJ-2305,1,0.02
id,SUJ-2306,1,0.02
id,SUJ-2307,1,0.02
id,SUJ-2308,1,0.02
id,SUJ-2309,1,0.02
id,SUJ-2310,1,0.02
id,SUJ-2311,1,0.02
id,SUJ-2312,1,0.02
id,SUJ-2313,1,0.02
id,SUJ-2314,1,0.02
id,SUJ-2315,1,0.02
id,SUJ-2316,1,0.02
id,SUJ-2317,1,0.02
id,SUJ-2318,1,0.02
id,SUJ-2319,1,0.02
id,SUJ-2320,1,0.02
id,SUJ-2321,1,0.02
id,SUJ-2322,1,0.02
id,SUJ-2323,1,0.02
id,SUJ-2324,1,0.02
id,SUJ-2325,1,0.02
id,SUJ-2326,1,0.02
id,SUJ-2327,1,0.02
id,SUJ-2328,1,0.02
id,SUJ-2329,1,0.02
id,SUJ-2330,1,0.02
id,SUJ-2331,1,0.02
id,SUJ-2332,1,0.02
id,SUJ-2333,1,0.02
id,SUJ-2334,1,0.02
id,SUJ-2335,1,0.02
id,SUJ-2336,1,0.02
id,SUJ-2337,1,0.02
id,SUJ-2338,1,0.02
id,SUJ-2339,1,0.02
id,SUJ-2340,1,0.02
id,SUJ-2341,1,0.02
id,SUJ-2342,1,0.02
id,SUJ-2343,1,0.02
id,SUJ-2344,1,0.02
id,SUJ-2345,1,0.02
id,SUJ-2346,1,0.02
id,SUJ-2347,1,0.02
id,SUJ-2348,1,0.02
id,SUJ-2349,1,0.02
id,SUJ-2350,1,0.02
id,SUJ-2351,1,0.02
id,SUJ-2352,1,0.02
id,SUJ-2353,1,0.02
id,SUJ-2354,1,0.02
id,SUJ-2355,1,0.02
id,SUJ-2356,1,0.02
id,SUJ-2357,1,0.02
id,SUJ-2358,1,0.02
id,SUJ-2359,1,0.02
id,SUJ-2360,1,0.02
id,SUJ-2361,1,0.02
id,SUJ-2362,1,0.02
id,SUJ-2363,1,0.02
id,SUJ-2364,1,0.02
id,SUJ-2365,1,0.02
id,SUJ-2366,1,0.02
id,SUJ-2367,1,0.02
id,SUJ-2368,1,0.02
id,SUJ-2369,1,0.02
id,SUJ-2370,1,0.02
id,SUJ-2371,1,0.02
id,SUJ-2372,1,0.02
id,SUJ-2373,1,0.02
id,SUJ-2374,1,0.02
id,SUJ-2375,1,0.02
id,SUJ-2376,1,0.02
id,SUJ-2377,1,0.02
id,SUJ-2378,1,0.02
id,SUJ-2379,1,0.02
id,SUJ-2380,1,0.02
id,SUJ-2381,1,0.02
id,SUJ-2382,1,0.02
id,SUJ-2383,1,0.02
id,SUJ-2384,1,0.02
id,SUJ-2385,1,0.02
id,SUJ-2386,1,0.02
id,SUJ-2387,1,0.02
id,SUJ-2388,1,0.02
id,SUJ-2389,1,0.02
id,SUJ-2390,1,0.02
id,SUJ-2391,1,0.02
id,SUJ-2392,1,0.02
id,SUJ-2393,1,0.02
id,SUJ-2394,1,0.02
id,SUJ-2395,1,0.02
id,SUJ-2396,1,0.02
id,SUJ-2397,1,0.02
id,SUJ-2398,1,0.02
id,SUJ-2399,1,0.02
id,SUJ-2400,1,0.02
id,SUJ-2401,1,0.02
id,SUJ-2402,1,0.02
id,SUJ-2403,1,0.02
id,SUJ-2404,1,0.02
id,SUJ-2405,1,0.02
id,SUJ-2406,1,0.02
id,SUJ-2407,1,0.02
id,SUJ-2408,1,0.02
id,SUJ-2409,1,0.02
id,SUJ-2410,1,0.02
id,SUJ-2411,1,0.02
id,SUJ-2412,1,0.02
id,SUJ-2413,1,0.02
id,SUJ-2414,1,0.02
id,SUJ-2415,1,0.02
id,SUJ-2416,1,0.02
id,SUJ-2417,1,0.02
id,SUJ-2418,1,0.02
id,SUJ-2419,1,0.02
id,SUJ-2420,1,0.02
id,SUJ-2421,1,0.02
id,SUJ-2422,1,0.02
id,SUJ-2423,1,0.02
id,SUJ-2424,1,0.02
id,SUJ-2425,1,0.02
id,SUJ-2426,1,0.02
id,SUJ-2427,1,0.02
id,SUJ-2428,1,0.02
id,SUJ-2429,1,0.02
id,SUJ-2430,1,0.02
id,SUJ-2431,1,0.02
id,SUJ-2432,1,0.02
id,SUJ-2433,1,0.02
id,SUJ-2434,1,0.02
id,SUJ-2435,1,0.02
id,SUJ-2436,1,0.02
id,SUJ-2437,1,0.02
id,SUJ-2438,1,0.02
id,SUJ-2439,1,0.02
id,SUJ-2440,1,0.02
id,SUJ-2441,1,0.02
id,SUJ-2442,1,0.02
id,SUJ-2443,1,0.02
id,SUJ-2444,1,0.02
id,SUJ-2445,1,0.02
id,SUJ-2446,1,0.02
id,SUJ-2447,1,0.02
id,SUJ-2448,1,0.02
id,SUJ-2449,1,0.02
id,SUJ-2450,1,0.02
id,SUJ-2451,1,0.02
id,SUJ-2452,1,0.02
id,SUJ-2453,1,0.02
id,SUJ-2454,1,0.02
id,SUJ-2455,1,0.02
id,SUJ-2456,1,0.02
id,SUJ-2457,1,0.02
id,SUJ-2458,1,0.02
id,SUJ-2459,1,0.02
id,SUJ-2460,1,0.02
id,SUJ-2461,1,0.02
id,SUJ-2462,1,0.02
id,SUJ-2463,1,0.02
id,SUJ-2464,1,0.02
id,SUJ-2465,1,0.02
id,SUJ-2466,1,0.02
id,SUJ-2467,1,0.02
id,SUJ-2468,1,0.02
id,SUJ-2469,1,0.02
id,SUJ-2470,1,0.02
id,SUJ-2471,1,0.02
id,SUJ-2472,1,0.02
id,SUJ-2473,1,0.02
id,SUJ-2474,1,0.02
id,SUJ-2475,1,0.02
id,SUJ-2476,1,0.02
id,SUJ-2477,1,0.02
id,SUJ-2478,1,0.02
id,SUJ-2479,1,0.02
id,SUJ-2480,1,0.02
id,SUJ-2481,1,0.02
id,SUJ-2482,1,0.02
id,SUJ-2483,1,0.02
id,SUJ-2484,1,0.02
id,SUJ-2485,1,0.02
id,SUJ-2486,1,0.02
id,SUJ-2487,1,0.02
id,SUJ-2488,1,0.02
id,SUJ-2489,1,0.02
id,SUJ-2490,1,0.02
id,SUJ-2491,1,0.02
id,SUJ-2492,1,0.02
id,SUJ-2493,1,0.02
id,SUJ-2494,1,0.02
id,SUJ-2495,1,0.02
id,SUJ-2496,1,0.02
id,SUJ-2497,1,0.02
id,SUJ-2498,1,0.02
id,SUJ-2499,1,0.02
id,SUJ-2500,1,0.02
id,SUJ-2501,1,0.02
id,SUJ-2502,1,0.02
id,SUJ-2503,1,0.02
id,SUJ-2504,1,0.02
id,SUJ-2505,1,0.02
id,SUJ-2506,1,0.02
id,SUJ-2507,1,0.02
id,SUJ-2508,1,0.02
id,SUJ-2509,1,0.02
id,SUJ-2510,1,0.02
id,SUJ-2511,1,0.02
id,SUJ-2512,1,0.02
id,SUJ-2513,1,0.02
id,SUJ-2514,1,0.02
id,SUJ-2515,1,0.02
id,SUJ-2516,1,0.02
id,SUJ-2517,1,0.02
id,SUJ-2518,1,0.02
id,SUJ-2519,1,0.02
id,SUJ-2520,1,0.02
id,SUJ-2521,1,0.02
id,SUJ-2522,1,0.02
id,SUJ-2523,1,0.02
id,SUJ-2524,1,0.02
id,SUJ-2525,1,0.02
id,SUJ-2526,1,0.02
id,SUJ-2527,1,0.02
id,SUJ-2528,1,0.02
id,SUJ-2529,1,0.02
id,SUJ-2530,1,0.02
id,SUJ-2531,1,0.02
id,SUJ-2532,1,0.02
id,SUJ-2533,1,0.02
id,SUJ-2534,1,0.02
id,SUJ-2535,1,0.02
id,SUJ-2536,1,0.02
id,SUJ-2537,1,0.02
id,SUJ-2538,1,0.02
id,SUJ-2539,1,0.02
id,SUJ-2540,1,0.02
id,SUJ-2541,1,0.02
id,SUJ-2542,1,0.02
id,SUJ-2543,1,0.02
id,SUJ-2544,1,0.02
id,SUJ-2545,1,0.02
id,SUJ-2546,1,0.02
id,SUJ-2547,1,0.02
id,SUJ-2548,1,0.02
id,SUJ-2549,1,0.02
id,SUJ-2550,1,0.02
id,SUJ-2551,1,0.02
id,SUJ-2552,1,0.02
id,SUJ-2553,1,0.02
id,SUJ-2554,1,0.02
id,SUJ-2555,1,0.02
id,SUJ-2556,1,0.02
id,SUJ-2557,1,0.02
id,SUJ-2558,1,0.02
id,SUJ-2559,1,0.02
id,SUJ-2560,1,0.02
id,SUJ-2561,1,0.02
id,SUJ-2562,1,0.02
id,SUJ-2563,1,0.02
id,SUJ-2564,1,0.02
id,SUJ-2565,1,0.02
id,SUJ-2566,1,0.02
id,SUJ-2567,1,0.02
id,SUJ-2568,1,0.02
id,SUJ-2569,1,0.02
id,SUJ-2570,1,0.02
id,SUJ-2571,1,0.02
id,SUJ-2572,1,0.02
id,SUJ-2573,1,0.02
id,SUJ-2574,1,0.02
id,SUJ-2575,1,0.02
id,SUJ-2576,1,0.02
id,SUJ-2577,1,0.02
id,SUJ-2578,1,0.02
id,SUJ-2579,1,0.02
id,SUJ-2580,1,0.02
id,SUJ-2581,1,0.02
id,SUJ-2582,1,0.02
id,SUJ-2583,1,0.02
id,SUJ-2584,1,0.02
id,SUJ-2585,1,0.02
id,SUJ-2586,1,0.02
id,SUJ-2587,1,0.02
id,SUJ-2588,1,0.02
id,SUJ-2589,1,0.02
id,SUJ-2590,1,0.02
id,SUJ-2591,1,0.02
id,SUJ-2592,1,0.02
id,SUJ-2593,1,0.02
id,SUJ-2594,1,0.02
id,SUJ-2595,1,0.02
id,SUJ-2596,1,0.02
id,SUJ-2597,1,0.02
id,SUJ-2598,1,0.02
id,SUJ-2599,1,0.02
id,SUJ-2600,1,0.02
id,SUJ-2601,1,0.02
id,SUJ-2602,1,0.02
id,SUJ-2603,1,0.02
id,SUJ-2604,1,0.02
id,SUJ-2605,1,0.02
id,SUJ-2606,1,0.02
id,SUJ-2607,1,0.02
id,SUJ-2608,1,0.02
id,SUJ-2609,1,0.02
id,SUJ-2610,1,0.02
id,SUJ-2611,1,0.02
id,SUJ-2612,1,0.02
id,SUJ-2613,1,0.02
id,SUJ-2614,1,0.02
id,SUJ-2615,1,0.02
id,SUJ-2616,1,0.02
id,SUJ-2617,1,0.02
id,SUJ-2618,1,0.02
id,SUJ-2619,1,0.02
id,SUJ-2620,1,0.02
id,SUJ-2621,1,0.02
id,SUJ-2622,1,0.02
id,SUJ-2623,1,0.02
id,SUJ-2624,1,0.02
id,SUJ-2625,1,0.02
id,SUJ-2626,1,0.02
id,SUJ-2627,1,0.02
id,SUJ-2628,1,0.02
id,SUJ-2629,1,0.02
id,SUJ-2630,1,0.02
id,SUJ-2631,1,0.02
id,SUJ-2632,1,0.02
id,SUJ-2633,1,0.02
id,SUJ-2634,1,0.02
id,SUJ-2635,1,0.02
id,SUJ-2636,1,0.02
id,SUJ-2637,1,0.02
id,SUJ-2638,1,0.02
id,SUJ-2639,1,0.02
id,SUJ-2640,1,0.02
id,SUJ-2641,1,0.02
id,SUJ-2642,1,0.02
id,SUJ-2643,1,0.02
id,SUJ-2644,1,0.02
id,SUJ-2645,1,0.02
id,SUJ-2646,1,0.02
id,SUJ-2647,1,0.02
id,SUJ-2648,1,0.02
id,SUJ-2649,1,0.02
id,SUJ-2650,1,0.02
id,SUJ-2651,1,0.02
id,SUJ-2652,1,0.02
id,SUJ-2653,1,0.02
id,SUJ-2654,1,0.02
id,SUJ-2655,1,0.02
id,SUJ-2656,1,0.02
id,SUJ-2657,1,0.02
id,SUJ-2658,1,0.02
id,SUJ-2659,1,0.02
id,SUJ-2660,1,0.02
id,SUJ-2661,1,0.02
id,SUJ-2662,1,0.02
id,SUJ-2663,1,0.02
id,SUJ-2664,1,0.02
id,SUJ-2665,1,0.02
id,SUJ-2666,1,0.02
id,SUJ-2667,1,0.02
id,SUJ-2668,1,0.02
id,SUJ-2669,1,0.02
id,SUJ-2670,1,0.02
id,SUJ-2671,1,0.02
id,SUJ-2672,1,0.02
id,SUJ-2673,1,0.02
id,SUJ-2674,1,0.02
id,SUJ-2675,1,0.02
id,SUJ-2676,1,0.02
id,SUJ-2677,1,0.02
id,SUJ-2678,1,0.02
id,SUJ-2679,1,0.02
id,SUJ-2680,1,0.02
id,SUJ-2681,1,0.02
id,SUJ-2682,1,0.02
id,SUJ-2683,1,0.02
id,SUJ-2684,1,0.02
id,SUJ-2685,1,0.02
id,SUJ-2686,1,0.02
id,SUJ-2687,1,0.02
id,SUJ-2688,1,0.02
id,SUJ-2689,1,0.02
id,SUJ-2690,1,0.02
id,SUJ-2691,1,0.02
id,SUJ-2692,1,0.02
id,SUJ-2693,1,0.02
id,SUJ-2694,1,0.02
id,SUJ-2695,1,0.02
id,SUJ-2696,1,0.02
id,SUJ-2697,1,0.02
id,SUJ-2698,1,0.02
id,SUJ-2699,1,0.02
id,SUJ-2700,1,0.02
id,SUJ-2701,1,0.02
id,SUJ-2702,1,0.02
id,SUJ-2703,1,0.02
id,SUJ-2704,1,0.02
id,SUJ-2705,1,0.02
id,SUJ-2706,1,0.02
id,SUJ-2707,1,0.02
id,SUJ-2708,1,0.02
id,SUJ-2709,1,0.02
id,SUJ-2710,1,0.02
id,SUJ-2711,1,0.02
id,SUJ-2712,1,0.02
id,SUJ-2713,1,0.02
id,SUJ-2714,1,0.02
id,SUJ-2715,1,0.02
id,SUJ-2716,1,0.02
id,SUJ-2717,1,0.02
id,SUJ-2718,1,0.02
id,SUJ-2719,1,0.02
id,SUJ-2720,1,0.02
id,SUJ-2721,1,0.02
id,SUJ-2722,1,0.02
id,SUJ-2723,1,0.02
id,SUJ-2724,1,0.02
id,SUJ-2725,1,0.02
id,SUJ-2726,1,0.02
id,SUJ-2727,1,0.02
id,SUJ-2728,1,0.02
id,SUJ-2729,1,0.02
id,SUJ-2730,1,0.02
id,SUJ-2731,1,0.02
id,SUJ-2732,1,0.02
id,SUJ-2733,1,0.02
id,SUJ-2734,1,0.02
id,SUJ-2735,1,0.02
id,SUJ-2736,1,0.02
id,SUJ-2737,1,0.02
id,SUJ-2738,1,0.02
id,SUJ-2739,1,0.02
id,SUJ-2740,1,0.02
id,SUJ-2741,1,0.02
id,SUJ-2742,1,0.02
id,SUJ-2743,1,0.02
id,SUJ-2744,1,0.02
id,SUJ-2745,1,0.02
id,SUJ-2746,1,0.02
id,SUJ-2747,1,0.02
id,SUJ-2748,1,0.02
id,SUJ-2749,1,0.02
id,SUJ-2750,1,0.02
id,SUJ-2751,1,0.02
id,SUJ-2752,1,0.02
id,SUJ-2753,1,0.02
id,SUJ-2754,1,0.02
id,SUJ-2755,1,0.02
id,SUJ-2756,1,0.02
id,SUJ-2757,1,0.02
id,SUJ-2758,1,0.02
id,SUJ-2759,1,0.02
id,SUJ-2760,1,0.02
id,SUJ-2761,1,0.02
id,SUJ-2762,1,0.02
id,SUJ-2763,1,0.02
id,SUJ-2764,1,0.02
id,SUJ-2765,1,0.02
id,SUJ-2766,1,0.02
id,SUJ-2767,1,0.02
id,SUJ-2768,1,0.02
id,SUJ-2769,1,0.02
id,SUJ-2770,1,0.02
id,SUJ-2771,1,0.02
id,SUJ-2772,1,0.02
id,SUJ-2773,1,0.02
id,SUJ-2774,1,0.02
id,SUJ-2775,1,0.02
id,SUJ-2776,1,0.02
id,SUJ-2777,1,0.02
id,SUJ-2778,1,0.02
id,SUJ-2779,1,0.02
id,SUJ-2780,1,0.02
id,SUJ-2781,1,0.02
id,SUJ-2782,1,0.02
id,SUJ-2783,1,0.02
id,SUJ-2784,1,0.02
id,SUJ-2785,1,0.02
id,SUJ-2786,1,0.02
id,SUJ-2787,1,0.02
id,SUJ-2788,1,0.02
id,SUJ-2789,1,0.02
id,SUJ-2790,1,0.02
id,SUJ-2791,1,0.02
id,SUJ-2792,1,0.02
id,SUJ-2793,1,0.02
id,SUJ-2794,1,0.02
id,SUJ-2795,1,0.02
id,SUJ-2796,1,0.02
id,SUJ-2797,1,0.02
id,SUJ-2798,1,0.02
id,SUJ-2799,1,0.02
id,SUJ-2800,1,0.02
id,SUJ-2801,1,0.02
id,SUJ-2802,1,0.02
id,SUJ-2803,1,0.02
id,SUJ-2804,1,0.02
id,SUJ-2805,1,0.02
id,SUJ-2806,1,0.02
id,SUJ-2807,1,0.02
id,SUJ-2808,1,0.02
id,SUJ-2809,1,0.02
id,SUJ-2810,1,0.02
id,SUJ-2811,1,0.02
id,SUJ-2812,1,0.02
id,SUJ-2813,1,0.02
id,SUJ-2814,1,0.02
id,SUJ-2815,1,0.02
id,SUJ-2816,1,0.02
id,SUJ-2817,1,0.02
id,SUJ-2818,1,0.02
id,SUJ-2819,1,0.02
id,SUJ-2820,1,0.02
id,SUJ-2821,1,0.02
id,SUJ-2822,1,0.02
id,SUJ-2823,1,0.02
id,SUJ-2824,1,0.02
id,SUJ-2825,1,0.02
id,SUJ-2826,1,0.02
id,SUJ-2827,1,0.02
id,SUJ-2828,1,0.02
id,SUJ-2829,1,0.02
id,SUJ-2830,1,0.02
id,SUJ-2831,1,0.02
id,SUJ-2832,1,0.02
id,SUJ-2833,1,0.02
id,SUJ-2834,1,0.02
id,SUJ-2835,1,0.02
id,SUJ-2836,1,0.02
id,SUJ-2837,1,0.02
id,SUJ-2838,1,0.02
id,SUJ-2839,1,0.02
id,SUJ-2840,1,0.02
id,SUJ-2841,1,0.02
id,SUJ-2842,1,0.02
id,SUJ-2843,1,0.02
id,SUJ-2844,1,0.02
id,SUJ-2845,1,0.02
id,SUJ-2846,1,0.02
id,SUJ-2847,1,0.02
id,SUJ-2848,1,0.02
id,SUJ-2849,1,0.02
id,SUJ-2850,1,0.02
id,SUJ-2851,1,0.02
id,SUJ-2852,1,0.02
id,SUJ-2853,1,0.02
id,SUJ-2854,1,0.02
id,SUJ-2855,1,0.02
id,SUJ-2856,1,0.02
id,SUJ-2857,1,0.02
id,SUJ-2858,1,0.02
id,SUJ-2859,1,0.02
id,SUJ-2860,1,0.02
id,SUJ-2861,1,0.02
id,SUJ-2862,1,0.02
id,SUJ-2863,1,0.02
id,SUJ-2864,1,0.02
id,SUJ-2865,1,0.02
id,SUJ-2866,1,0.02
id,SUJ-2867,1,0.02
id,SUJ-2868,1,0.02
id,SUJ-2869,1,0.02
id,SUJ-2870,1,0.02
id,SUJ-2871,1,0.02
id,SUJ-2872,1,0.02
id,SUJ-2873,1,0.02
id,SUJ-2874,1,0.02
id,SUJ-2875,1,0.02
id,SUJ-2876,1,0.02
id,SUJ-2877,1,0.02
id,SUJ-2878,1,0.02
id,SUJ-2879,1,0.02
id,SUJ-2880,1,0.02
id,SUJ-2881,1,0.02
id,SUJ-2882,1,0.02
id,SUJ-2883,1,0.02
id,SUJ-2884,1,0.02
id,SUJ-2885,1,0.02
id,SUJ-2886,1,0.02
id,SUJ-2887,1,0.02
id,SUJ-2888,1,0.02
id,SUJ-2889,1,0.02
id,SUJ-2890,1,0.02
id,SUJ-2891,1,0.02
id,SUJ-2892,1,0.02
id,SUJ-2893,1,0.02
id,SUJ-2894,1,0.02
id,SUJ-2895,1,0.02
id,SUJ-2896,1,0.02
id,SUJ-2897,1,0.02
id,SUJ-2898,1,0.02
id,SUJ-2899,1,0.02
id,SUJ-2900,1,0.02
id,SUJ-2901,1,0.02
id,SUJ-2902,1,0.02
id,SUJ-2903,1,0.02
id,SUJ-2904,1,0.02
id,SUJ-2905,1,0.02
id,SUJ-2906,1,0.02
id,SUJ-2907,1,0.02
id,SUJ-2908,1,0.02
id,SUJ-2909,1,0.02
id,SUJ-2910,1,0.02
id,SUJ-2911,1,0.02
id,SUJ-2912,1,0.02
id,SUJ-2913,1,0.02
id,SUJ-2914,1,0.02
id,SUJ-2915,1,0.02
id,SUJ-2916,1,0.02
id,SUJ-2917,1,0.02
id,SUJ-2918,1,0.02
id,SUJ-2919,1,0.02
id,SUJ-2920,1,0.02
id,SUJ-2921,1,0.02
id,SUJ-2922,1,0.02
id,SUJ-2923,1,0.02
id,SUJ-2924,1,0.02
id,SUJ-2925,1,0.02
id,SUJ-2926,1,0.02
id,SUJ-2927,1,0.02
id,SUJ-2928,1,0.02
id,SUJ-2929,1,0.02
id,SUJ-2930,1,0.02
id,SUJ-2931,1,0.02
id,SUJ-2932,1,0.02
id,SUJ-2933,1,0.02
id,SUJ-2934,1,0.02
id,SUJ-2935,1,0.02
id,SUJ-2936,1,0.02
id,SUJ-2937,1,0.02
id,SUJ-2938,1,0.02
id,SUJ-2939,1,0.02
id,SUJ-2940,1,0.02
id,SUJ-2941,1,0.02
id,SUJ-2942,1,0.02
id,SUJ-2943,1,0.02
id,SUJ-2944,1,0.02
id,SUJ-2945,1,0.02
id,SUJ-2946,1,0.02
id,SUJ-2947,1,0.02
id,SUJ-2948,1,0.02
id,SUJ-2949,1,0.02
id,SUJ-2950,1,0.02
id,SUJ-2951,1,0.02
id,SUJ-2952,1,0.02
id,SUJ-2953,1,0.02
id,SUJ-2954,1,0.02
id,SUJ-2955,1,0.02
id,SUJ-2956,1,0.02
id,SUJ-2957,1,0.02
id,SUJ-2958,1,0.02
id,SUJ-2959,1,0.02
id,SUJ-2960,1,0.02
id,SUJ-2961,1,0.02
id,SUJ-2962,1,0.02
id,SUJ-2963,1,0.02
id,SUJ-2964,1,0.02
id,SUJ-2965,1,0.02
id,SUJ-2966,1,0.02
id,SUJ-2967,1,0.02
id,SUJ-2968,1,0.02
id,SUJ-2969,1,0.02
id,SUJ-2970,1,0.02
id,SUJ-2971,1,0.02
id,SUJ-2972,1,0.02
id,SUJ-2973,1,0.02
id,SUJ-2974,1,0.02
id,SUJ-2975,1,0.02
id,SUJ-2976,1,0.02
id,SUJ-2977,1,0.02
id,SUJ-2978,1,0.02
id,SUJ-2979,1,0.02
id,SUJ-2980,1,0.02
id,SUJ-2981,1,0.02
id,SUJ-2982,1,0.02
id,SUJ-2983,1,0.02
id,SUJ-2984,1,0.02
id,SUJ-2985,1,0.02
id,SUJ-2986,1,0.02
id,SUJ-2987,1,0.02
id,SUJ-2988,1,0.02
id,SUJ-2989,1,0.02
id,SUJ-2990,1,0.02
id,SUJ-2991,1,0.02
id,SUJ-2992,1,0.02
id,SUJ-2993,1,0.02
id,SUJ-2994,1,0.02
id,SUJ-2995,1,0.02
id,SUJ-2996,1,0.02
id,SUJ-2997,1,0.02
id,SUJ-2998,1,0.02
id,SUJ-2999,1,0.02
id,SUJ-3000,1,0.02
id,SUJ-3001,1,0.02
id,SUJ-3002,1,0.02
id,SUJ-3003,1,0.02
id,SUJ-3004,1,0.02
id,SUJ-3005,1,0.02
id,SUJ-3006,1,0.02
id,SUJ-3007,1,0.02
id,SUJ-3008,1,0.02
id,SUJ-3009,1,0.02
id,SUJ-3010,1,0.02
id,SUJ-3011,1,0.02
id,SUJ-3012,1,0.02
id,SUJ-3013,1,0.02
id,SUJ-3014,1,0.02
id,SUJ-3015,1,0.02
id,SUJ-3016,1,0.02
id,SUJ-3017,1,0.02
id,SUJ-3018,1,0.02
id,SUJ-3019,1,0.02
id,SUJ-3020,1,0.02
id,SUJ-3021,1,0.02
id,SUJ-3022,1,0.02
id,SUJ-3023,1,0.02
id,SUJ-3024,1,0.02
id,SUJ-3025,1,0.02
id,SUJ-3026,1,0.02
id,SUJ-3027,1,0.02
id,SUJ-3028,1,0.02
id,SUJ-3029,1,0.02
id,SUJ-3030,1,0.02
id,SUJ-3031,1,0.02
id,SUJ-3032,1,0.02
id,SUJ-3033,1,0.02
id,SUJ-3034,1,0.02
id,SUJ-3035,1,0.02
id,SUJ-3036,1,0.02
id,SUJ-3037,1,0.02
id,SUJ-3038,1,0.02
id,SUJ-3039,1,0.02
id,SUJ-3040,1,0.02
id,SUJ-3041,1,0.02
id,SUJ-3042,1,0.02
id,SUJ-3043,1,0.02
id,SUJ-3044,1,0.02
id,SUJ-3045,1,0.02
id,SUJ-3046,1,0.02
id,SUJ-3047,1,0.02
id,SUJ-3048,1,0.02
id,SUJ-3049,1,0.02
id,SUJ-3050,1,0.02
id,SUJ-3051,1,0.02
id,SUJ-3052,1,0.02
id,SUJ-3053,1,0.02
id,SUJ-3054,1,0.02
id,SUJ-3055,1,0.02
id,SUJ-3056,1,0.02
id,SUJ-3057,1,0.02
id,SUJ-3058,1,0.02
id,SUJ-3059,1,0.02
id,SUJ-3060,1,0.02
id,SUJ-3061,1,0.02
id,SUJ-3062,1,0.02
id,SUJ-3063,1,0.02
id,SUJ-3064,1,0.02
id,SUJ-3065,1,0.02
id,SUJ-3066,1,0.02
id,SUJ-3067,1,0.02
id,SUJ-3068,1,0.02
id,SUJ-3069,1,0.02
id,SUJ-3070,1,0.02
id,SUJ-3071,1,0.02
id,SUJ-3072,1,0.02
id,SUJ-3073,1,0.02
id,SUJ-3074,1,0.02
id,SUJ-3075,1,0.02
id,SUJ-3076,1,0.02
id,SUJ-3077,1,0.02
id,SUJ-3078,1,0.02
id,SUJ-3079,1,0.02
id,SUJ-3080,1,0.02
id,SUJ-3081,1,0.02
id,SUJ-3082,1,0.02
id,SUJ-3083,1,0.02
id,SUJ-3084,1,0.02
id,SUJ-3085,1,0.02
id,SUJ-3086,1,0.02
id,SUJ-3087,1,0.02
id,SUJ-3088,1,0.02
id,SUJ-3089,1,0.02
id,SUJ-3090,1,0.02
id,SUJ-3091,1,0.02
id,SUJ-3092,1,0.02
id,SUJ-3093,1,0.02
id,SUJ-3094,1,0.02
id,SUJ-3095,1,0.02
id,SUJ-3096,1,0.02
id,SUJ-3097,1,0.02
id,SUJ-3098,1,0.02
id,SUJ-3099,1,0.02
id,SUJ-3100,1,0.02
id,SUJ-3101,1,0.02
id,SUJ-3102,1,0.02
id,SUJ-3103,1,0.02
id,SUJ-3104,1,0.02
id,SUJ-3105,1,0.02
id,SUJ-3106,1,0.02
id,SUJ-3107,1,0.02
id,SUJ-3108,1,0.02
id,SUJ-3109,1,0.02
id,SUJ-3110,1,0.02
id,SUJ-3111,1,0.02
id,SUJ-3112,1,0.02
id,SUJ-3113,1,0.02
id,SUJ-3114,1,0.02
id,SUJ-3115,1,0.02
id,SUJ-3116,1,0.02
id,SUJ-3117,1,0.02
id,SUJ-3118,1,0.02
id,SUJ-3119,1,0.02
id,SUJ-3120,1,0.02
id,SUJ-3121,1,0.02
id,SUJ-3122,1,0.02
id,SUJ-3123,1,0.02
id,SUJ-3124,1,0.02
id,SUJ-3125,1,0.02
id,SUJ-3126,1,0.02
id,SUJ-3127,1,0.02
id,SUJ-3128,1,0.02
id,SUJ-3129,1,0.02
id,SUJ-3130,1,0.02
id,SUJ-3131,1,0.02
id,SUJ-3132,1,0.02
id,SUJ-3133,1,0.02
id,SUJ-3134,1,0.02
id,SUJ-3135,1,0.02
id,SUJ-3136,1,0.02
id,SUJ-3137,1,0.02
id,SUJ-3138,1,0.02
id,SUJ-3139,1,0.02
id,SUJ-3140,1,0.02
id,SUJ-3141,1,0.02
id,SUJ-3142,1,0.02
id,SUJ-3143,1,0.02
id,SUJ-3144,1,0.02
id,SUJ-3145,1,0.02
id,SUJ-3146,1,0.02
id,SUJ-3147,1,0.02
id,SUJ-3148,1,0.02
id,SUJ-3149,1,0.02
id,SUJ-3150,1,0.02
id,SUJ-3151,1,0.02
id,SUJ-3152,1,0.02
id,SUJ-3153,1,0.02
id,SUJ-3154,1,0.02
id,SUJ-3155,1,0.02
id,SUJ-3156,1,0.02
id,SUJ-3157,1,0.02
id,SUJ-3158,1,0.02
id,SUJ-3159,1,0.02
id,SUJ-3160,1,0.02
id,SUJ-3161,1,0.02
id,SUJ-3162,1,0.02
id,SUJ-3163,1,0.02
id,SUJ-3164,1,0.02
id,SUJ-3165,1,0.02
id,SUJ-3166,1,0.02
id,SUJ-3167,1,0.02
id,SUJ-3168,1,0.02
id,SUJ-3169,1,0.02
id,SUJ-3170,1,0.02
id,SUJ-3171,1,0.02
id,SUJ-3172,1,0.02
id,SUJ-3173,1,0.02
id,SUJ-3174,1,0.02
id,SUJ-3175,1,0.02
id,SUJ-3176,1,0.02
id,SUJ-3177,1,0.02
id,SUJ-3178,1,0.02
id,SUJ-3179,1,0.02
id,SUJ-3180,1,0.02
id,SUJ-3181,1,0.02
id,SUJ-3182,1,0.02
id,SUJ-3183,1,0.02
id,SUJ-3184,1,0.02
id,SUJ-3185,1,0.02
id,SUJ-3186,1,0.02
id,SUJ-3187,1,0.02
id,SUJ-3188,1,0.02
id,SUJ-3189,1,0.02
id,SUJ-3190,1,0.02
id,SUJ-3191,1,0.02
id,SUJ-3192,1,0.02
id,SUJ-3193,1,0.02
id,SUJ-3194,1,0.02
id,SUJ-3195,1,0.02
id,SUJ-3196,1,0.02
id,SUJ-3197,1,0.02
id,SUJ-3198,1,0.02
id,SUJ-3199,1,0.02
id,SUJ-3200,1,0.02
id,SUJ-3201,1,0.02
id,SUJ-3202,1,0.02
id,SUJ-3203,1,0.02
id,SUJ-3204,1,0.02
id,SUJ-3205,1,0.02
id,SUJ-3206,1,0.02
id,SUJ-3207,1,0.02
id,SUJ-3208,1,0.02
id,SUJ-3209,1,0.02
id,SUJ-3210,1,0.02
id,SUJ-3211,1,0.02
id,SUJ-3212,1,0.02
id,SUJ-3213,1,0.02
id,SUJ-3214,1,0.02
id,SUJ-3215,1,0.02
id,SUJ-3216,1,0.02
id,SUJ-3217,1,0.02
id,SUJ-3218,1,0.02
id,SUJ-3219,1,0.02
id,SUJ-3220,1,0.02
id,SUJ-3221,1,0.02
id,SUJ-3222,1,0.02
id,SUJ-3223,1,0.02
id,SUJ-3224,1,0.02
id,SUJ-3225,1,0.02
id,SUJ-3226,1,0.02
id,SUJ-3227,1,0.02
id,SUJ-3228,1,0.02
id,SUJ-3229,1,0.02
id,SUJ-3230,1,0.02
id,SUJ-3231,1,0.02
id,SUJ-3232,1,0.02
id,SUJ-3233,1,0.02
id,SUJ-3234,1,0.02
id,SUJ-3235,1,0.02
id,SUJ-3236,1,0.02
id,SUJ-3237,1,0.02
id,SUJ-3238,1,0.02
id,SUJ-3239,1,0.02
id,SUJ-3240,1,0.02
id,SUJ-3241,1,0.02
id,SUJ-3242,1,0.02
id,SUJ-3243,1,0.02
id,SUJ-3244,1,0.02
id,SUJ-3245,1,0.02
id,SUJ-3246,1,0.02
id,SUJ-3247,1,0.02
id,SUJ-3248,1,0.02
id,SUJ-3249,1,0.02
id,SUJ-3250,1,0.02
id,SUJ-3251,1,0.02
id,SUJ-3252,1,0.02
id,SUJ-3253,1,0.02
id,SUJ-3254,1,0.02
id,SUJ-3255,1,0.02
id,SUJ-3256,1,0.02
id,SUJ-3257,1,0.02
id,SUJ-3258,1,0.02
id,SUJ-3259,1,0.02
id,SUJ-3260,1,0.02
id,SUJ-3261,1,0.02
id,SUJ-3262,1,0.02
id,SUJ-3263,1,0.02
id,SUJ-3264,1,0.02
id,SUJ-3265,1,0.02
id,SUJ-3266,1,0.02
id,SUJ-3267,1,0.02
id,SUJ-3268,1,0.02
id,SUJ-3269,1,0.02
id,SUJ-3270,1,0.02
id,SUJ-3271,1,0.02
id,SUJ-3272,1,0.02
id,SUJ-3273,1,0.02
id,SUJ-3274,1,0.02
id,SUJ-3275,1,0.02
id,SUJ-3276,1,0.02
id,SUJ-3277,1,0.02
id,SUJ-3278,1,0.02
id,SUJ-3279,1,0.02
id,SUJ-3280,1,0.02
id,SUJ-3281,1,0.02
id,SUJ-3282,1,0.02
id,SUJ-3283,1,0.02
id,SUJ-3284,1,0.02
id,SUJ-3285,1,0.02
id,SUJ-3286,1,0.02
id,SUJ-3287,1,0.02
id,SUJ-3288,1,0.02
id,SUJ-3289,1,0.02
id,SUJ-3290,1,0.02
id,SUJ-3291,1,0.02
id,SUJ-3292,1,0.02
id,SUJ-3293,1,0.02
id,SUJ-3294,1,0.02
id,SUJ-3295,1,0.02
id,SUJ-3296,1,0.02
id,SUJ-3297,1,0.02
id,SUJ-3298,1,0.02
id,SUJ-3299,1,0.02
id,SUJ-3300,1,0.02
id,SUJ-3301,1,0.02
id,SUJ-3302,1,0.02
id,SUJ-3303,1,0.02
id,SUJ-3304,1,0.02
id,SUJ-3305,1,0.02
id,SUJ-3306,1,0.02
id,SUJ-3307,1,0.02
id,SUJ-3308,1,0.02
id,SUJ-3309,1,0.02
id,SUJ-3310,1,0.02
id,SUJ-3311,1,0.02
id,SUJ-3312,1,0.02
id,SUJ-3313,1,0.02
id,SUJ-3314,1,0.02
id,SUJ-3315,1,0.02
id,SUJ-3316,1,0.02
id,SUJ-3317,1,0.02
id,SUJ-3318,1,0.02
id,SUJ-3319,1,0.02
id,SUJ-3320,1,0.02
id,SUJ-3321,1,0.02
id,SUJ-3322,1,0.02
id,SUJ-3323,1,0.02
id,SUJ-3324,1,0.02
id,SUJ-3325,1,0.02
id,SUJ-3326,1,0.02
id,SUJ-3327,1,0.02
id,SUJ-3328,1,0.02
id,SUJ-3329,1,0.02
id,SUJ-3330,1,0.02
id,SUJ-3331,1,0.02
id,SUJ-3332,1,0.02
id,SUJ-3333,1,0.02
id,SUJ-3334,1,0.02
id,SUJ-3335,1,0.02
id,SUJ-3336,1,0.02
id,SUJ-3337,1,0.02
id,SUJ-3338,1,0.02
id,SUJ-3339,1,0.02
id,SUJ-3340,1,0.02
id,SUJ-3341,1,0.02
id,SUJ-3342,1,0.02
id,SUJ-3343,1,0.02
id,SUJ-3344,1,0.02
id,SUJ-3345,1,0.02
id,SUJ-3346,1,0.02
id,SUJ-3347,1,0.02
id,SUJ-3348,1,0.02
id,SUJ-3349,1,0.02
id,SUJ-3350,1,0.02
id,SUJ-3351,1,0.02
id,SUJ-3352,1,0.02
id,SUJ-3353,1,0.02
id,SUJ-3354,1,0.02
id,SUJ-3355,1,0.02
id,SUJ-3356,1,0.02
id,SUJ-3357,1,0.02
id,SUJ-3358,1,0.02
id,SUJ-3359,1,0.02
id,SUJ-3360,1,0.02
id,SUJ-3361,1,0.02
id,SUJ-3362,1,0.02
id,SUJ-3363,1,0.02
id,SUJ-3364,1,0.02
id,SUJ-3365,1,0.02
id,SUJ-3366,1,0.02
id,SUJ-3367,1,0.02
id,SUJ-3368,1,0.02
id,SUJ-3369,1,0.02
id,SUJ-3370,1,0.02
id,SUJ-3371,1,0.02
id,SUJ-3372,1,0.02
id,SUJ-3373,1,0.02
id,SUJ-3374,1,0.02
id,SUJ-3375,1,0.02
id,SUJ-3376,1,0.02
id,SUJ-3377,1,0.02
id,SUJ-3378,1,0.02
id,SUJ-3379,1,0.02
id,SUJ-3380,1,0.02
id,SUJ-3381,1,0.02
id,SUJ-3382,1,0.02
id,SUJ-3383,1,0.02
id,SUJ-3384,1,0.02
id,SUJ-3385,1,0.02
id,SUJ-3386,1,0.02
id,SUJ-3387,1,0.02
id,SUJ-3388,1,0.02
id,SUJ-3389,1,0.02
id,SUJ-3390,1,0.02
id,SUJ-3391,1,0.02
id,SUJ-3392,1,0.02
id,SUJ-3393,1,0.02
id,SUJ-3394,1,0.02
id,SUJ-3395,1,0.02
id,SUJ-3396,1,0.02
id,SUJ-3397,1,0.02
id,SUJ-3398,1,0.02
id,SUJ-3399,1,0.02
id,SUJ-3400,1,0.02
id,SUJ-3401,1,0.02
id,SUJ-3402,1,0.02
id,SUJ-3403,1,0.02
id,SUJ-3404,1,0.02
id,SUJ-3405,1,0.02
id,SUJ-3406,1,0.02
id,SUJ-3407,1,0.02
id,SUJ-3408,1,0.02
id,SUJ-3409,1,0.02
id,SUJ-3410,1,0.02
id,SUJ-3411,1,0.02
id,SUJ-3412,1,0.02
id,SUJ-3413,1,0.02
id,SUJ-3414,1,0.02
id,SUJ-3415,1,0.02
id,SUJ-3416,1,0.02
id,SUJ-3417,1,0.02
id,SUJ-3418,1,0.02
id,SUJ-3419,1,0.02
id,SUJ-3420,1,0.02
id,SUJ-3421,1,0.02
id,SUJ-3422,1,0.02
id,SUJ-3423,1,0.02
id,SUJ-3424,1,0.02
id,SUJ-3425,1,0.02
id,SUJ-3426,1,0.02
id,SUJ-3427,1,0.02
id,SUJ-3428,1,0.02
id,SUJ-3429,1,0.02
id,SUJ-3430,1,0.02
id,SUJ-3431,1,0.02
id,SUJ-3432,1,0.02
id,SUJ-3433,1,0.02
id,SUJ-3434,1,0.02
id,SUJ-3435,1,0.02
id,SUJ-3436,1,0.02
id,SUJ-3437,1,0.02
id,SUJ-3438,1,0.02
id,SUJ-3439,1,0.02
id,SUJ-3440,1,0.02
id,SUJ-3441,1,0.02
id,SUJ-3442,1,0.02
id,SUJ-3443,1,0.02
id,SUJ-3444,1,0.02
id,SUJ-3445,1,0.02
id,SUJ-3446,1,0.02
id,SUJ-3447,1,0.02
id,SUJ-3448,1,0.02
id,SUJ-3449,1,0.02
id,SUJ-3450,1,0.02
id,SUJ-3451,1,0.02
id,SUJ-3452,1,0.02
id,SUJ-3453,1,0.02
id,SUJ-3454,1,0.02
id,SUJ-3455,1,0.02
id,SUJ-3456,1,0.02
id,SUJ-3457,1,0.02
id,SUJ-3458,1,0.02
id,SUJ-3459,1,0.02
id,SUJ-3460,1,0.02
id,SUJ-3461,1,0.02
id,SUJ-3462,1,0.02
id,SUJ-3463,1,0.02
id,SUJ-3464,1,0.02
id,SUJ-3465,1,0.02
id,SUJ-3466,1,0.02
id,SUJ-3467,1,0.02
id,SUJ-3468,1,0.02
id,SUJ-3469,1,0.02
id,SUJ-3470,1,0.02
id,SUJ-3471,1,0.02
id,SUJ-3472,1,0.02
id,SUJ-3473,1,0.02
id,SUJ-3474,1,0.02
id,SUJ-3475,1,0.02
id,SUJ-3476,1,0.02
id,SUJ-3477,1,0.02
id,SUJ-3478,1,0.02
id,SUJ-3479,1,0.02
id,SUJ-3480,1,0.02
id,SUJ-3481,1,0.02
id,SUJ-3482,1,0.02
id,SUJ-3483,1,0.02
id,SUJ-3484,1,0.02
id,SUJ-3485,1,0.02
id,SUJ-3486,1,0.02
id,SUJ-3487,1,0.02
id,SUJ-3488,1,0.02
id,SUJ-3489,1,0.02
id,SUJ-3490,1,0.02
id,SUJ-3491,1,0.02
id,SUJ-3492,1,0.02
id,SUJ-3493,1,0.02
id,SUJ-3494,1,0.02
id,SUJ-3495,1,0.02
id,SUJ-3496,1,0.02
id,SUJ-3497,1,0.02
id,SUJ-3498,1,0.02
id,SUJ-3499,1,0.02
id,SUJ-3500,1,0.02
id,SUJ-3501,1,0.02
id,SUJ-3502,1,0.02
id,SUJ-3503,1,0.02
id,SUJ-3504,1,0.02
id,SUJ-3505,1,0.02
id,SUJ-3506,1,0.02
id,SUJ-3507,1,0.02
id,SUJ-3508,1,0.02
id,SUJ-3509,1,0.02
id,SUJ-3510,1,0.02
id,SUJ-3511,1,0.02
id,SUJ-3512,1,0.02
id,SUJ-3513,1,0.02
id,SUJ-3514,1,0.02
id,SUJ-3515,1,0.02
id,SUJ-3516,1,0.02
id,SUJ-3517,1,0.02
id,SUJ-3518,1,0.02
id,SUJ-3519,1,0.02
id,SUJ-3520,1,0.02
id,SUJ-3521,1,0.02
id,SUJ-3522,1,0.02
id,SUJ-3523,1,0.02
id,SUJ-3524,1,0.02
id,SUJ-3525,1,0.02
id,SUJ-3526,1,0.02
id,SUJ-3527,1,0.02
id,SUJ-3528,1,0.02
id,SUJ-3529,1,0.02
id,SUJ-3530,1,0.02
id,SUJ-3531,1,0.02
id,SUJ-3532,1,0.02
id,SUJ-3533,1,0.02
id,SUJ-3534,1,0.02
id,SUJ-3535,1,0.02
id,SUJ-3536,1,0.02
id,SUJ-3537,1,0.02
id,SUJ-3538,1,0.02
id,SUJ-3539,1,0.02
id,SUJ-3540,1,0.02
id,SUJ-3541,1,0.02
id,SUJ-3542,1,0.02
id,SUJ-3543,1,0.02
id,SUJ-3544,1,0.02
id,SUJ-3545,1,0.02
id,SUJ-3546,1,0.02
id,SUJ-3547,1,0.02
id,SUJ-3548,1,0.02
id,SUJ-3549,1,0.02
id,SUJ-3550,1,0.02
id,SUJ-3551,1,0.02
id,SUJ-3552,1,0.02
id,SUJ-3553,1,0.02
id,SUJ-3554,1,0.02
id,SUJ-3555,1,0.02
id,SUJ-3556,1,0.02
id,SUJ-3557,1,0.02
id,SUJ-3558,1,0.02
id,SUJ-3559,1,0.02
id,SUJ-3560,1,0.02
id,SUJ-3561,1,0.02
id,SUJ-3562,1,0.02
id,SUJ-3563,1,0.02
id,SUJ-3564,1,0.02
id,SUJ-3565,1,0.02
id,SUJ-3566,1,0.02
id,SUJ-3567,1,0.02
id,SUJ-3568,1,0.02
id,SUJ-3569,1,0.02
id,SUJ-3570,1,0.02
id,SUJ-3571,1,0.02
id,SUJ-3572,1,0.02
id,SUJ-3573,1,0.02
id,SUJ-3574,1,0.02
id,SUJ-3575,1,0.02
id,SUJ-3576,1,0.02
id,SUJ-3577,1,0.02
id,SUJ-3578,1,0.02
id,SUJ-3579,1,0.02
id,SUJ-3580,1,0.02
id,SUJ-3581,1,0.02
id,SUJ-3582,1,0.02
id,SUJ-3583,1,0.02
id,SUJ-3584,1,0.02
id,SUJ-3585,1,0.02
id,SUJ-3586,1,0.02
id,SUJ-3587,1,0.02
id,SUJ-3588,1,0.02
id,SUJ-3589,1,0.02
id,SUJ-3590,1,0.02
id,SUJ-3591,1,0.02
id,SUJ-3592,1,0.02
id,SUJ-3593,1,0.02
id,SUJ-3594,1,0.02
id,SUJ-3595,1,0.02
id,SUJ-3596,1,0.02
id,SUJ-3597,1,0.02
id,SUJ-3598,1,0.02
id,SUJ-3599,1,0.02
id,SUJ-3600,1,0.02
id,SUJ-3601,1,0.02
id,SUJ-3602,1,0.02
id,SUJ-3603,1,0.02
id,SUJ-3604,1,0.02
id,SUJ-3605,1,0.02
id,SUJ-3606,1,0.02
id,SUJ-3607,1,0.02
id,SUJ-3608,1,0.02
id,SUJ-3609,1,0.02
id,SUJ-3610,1,0.02
id,SUJ-3611,1,0.02
id,SUJ-3612,1,0.02
id,SUJ-3613,1,0.02
id,SUJ-3614,1,0.02
id,SUJ-3615,1,0.02
id,SUJ-3616,1,0.02
id,SUJ-3617,1,0.02
id,SUJ-3618,1,0.02
id,SUJ-3619,1,0.02
id,SUJ-3620,1,0.02
id,SUJ-3621,1,0.02
id,SUJ-3622,1,0.02
id,SUJ-3623,1,0.02
id,SUJ-3624,1,0.02
id,SUJ-3625,1,0.02
id,SUJ-3626,1,0.02
id,SUJ-3627,1,0.02
id,SUJ-3628,1,0.02
id,SUJ-3629,1,0.02
id,SUJ-3630,1,0.02
id,SUJ-3631,1,0.02
id,SUJ-3632,1,0.02
id,SUJ-3633,1,0.02
id,SUJ-3634,1,0.02
id,SUJ-3635,1,0.02
id,SUJ-3636,1,0.02
id,SUJ-3637,1,0.02
id,SUJ-3638,1,0.02
id,SUJ-3639,1,0.02
id,SUJ-3640,1,0.02
id,SUJ-3641,1,0.02
id,SUJ-3642,1,0.02
id,SUJ-3643,1,0.02
id,SUJ-3644,1,0.02
id,SUJ-3645,1,0.02
id,SUJ-3646,1,0.02
id,SUJ-3647,1,0.02
id,SUJ-3648,1,0.02
id,SUJ-3649,1,0.02
id,SUJ-3650,1,0.02
id,SUJ-3651,1,0.02
id,SUJ-3652,1,0.02
id,SUJ-3653,1,0.02
id,SUJ-3654,1,0.02
id,SUJ-3655,1,0.02
id,SUJ-3656,1,0.02
id,SUJ-3657,1,0.02
id,SUJ-3658,1,0.02
id,SUJ-3659,1,0.02
id,SUJ-3660,1,0.02
id,SUJ-3661,1,0.02
id,SUJ-3662,1,0.02
id,SUJ-3663,1,0.02
id,SUJ-3664,1,0.02
id,SUJ-3665,1,0.02
id,SUJ-3666,1,0.02
id,SUJ-3667,1,0.02
id,SUJ-3668,1,0.02
id,SUJ-3669,1,0.02
id,SUJ-3670,1,0.02
id,SUJ-3671,1,0.02
id,SUJ-3672,1,0.02
id,SUJ-3673,1,0.02
id,SUJ-3674,1,0.02
id,SUJ-3675,1,0.02
id,SUJ-3676,1,0.02
id,SUJ-3677,1,0.02
id,SUJ-3678,1,0.02
id,SUJ-3679,1,0.02
id,SUJ-3680,1,0.02
id,SUJ-3681,1,0.02
id,SUJ-3682,1,0.02
id,SUJ-3683,1,0.02
id,SUJ-3684,1,0.02
id,SUJ-3685,1,0.02
id,SUJ-3686,1,0.02
id,SUJ-3687,1,0.02
id,SUJ-3688,1,0.02
id,SUJ-3689,1,0.02
id,SUJ-3690,1,0.02
id,SUJ-3691,1,0.02
id,SUJ-3692,1,0.02
id,SUJ-3693,1,0.02
id,SUJ-3694,1,0.02
id,SUJ-3695,1,0.02
id,SUJ-3696,1,0.02
id,SUJ-3697,1,0.02
id,SUJ-3698,1,0.02
id,SUJ-3699,1,0.02
id,SUJ-3700,1,0.02
id,SUJ-3701,1,0.02
id,SUJ-3702,1,0.02
id,SUJ-3703,1,0.02
id,SUJ-3704,1,0.02
id,SUJ-3705,1,0.02
id,SUJ-3706,1,0.02
id,SUJ-3707,1,0.02
id,SUJ-3708,1,0.02
id,SUJ-3709,1,0.02
id,SUJ-3710,1,0.02
id,SUJ-3711,1,0.02
id,SUJ-3712,1,0.02
id,SUJ-3713,1,0.02
id,SUJ-3714,1,0.02
id,SUJ-3715,1,0.02
id,SUJ-3716,1,0.02
id,SUJ-3717,1,0.02
id,SUJ-3718,1,0.02
id,SUJ-3719,1,0.02
id,SUJ-3720,1,0.02
id,SUJ-3721,1,0.02
id,SUJ-3722,1,0.02
id,SUJ-3723,1,0.02
id,SUJ-3724,1,0.02
id,SUJ-3725,1,0.02
id,SUJ-3726,1,0.02
id,SUJ-3727,1,0.02
id,SUJ-3728,1,0.02
id,SUJ-3729,1,0.02
id,SUJ-3730,1,0.02
id,SUJ-3731,1,0.02
id,SUJ-3732,1,0.02
id,SUJ-3733,1,0.02
id,SUJ-3734,1,0.02
id,SUJ-3735,1,0.02
id,SUJ-3736,1,0.02
id,SUJ-3737,1,0.02
id,SUJ-3738,1,0.02
id,SUJ-3739,1,0.02
id,SUJ-3740,1,0.02
id,SUJ-3741,1,0.02
id,SUJ-3742,1,0.02
id,SUJ-3743,1,0.02
id,SUJ-3744,1,0.02
id,SUJ-3745,1,0.02
id,SUJ-3746,1,0.02
id,SUJ-3747,1,0.02
id,SUJ-3748,1,0.02
id,SUJ-3749,1,0.02
id,SUJ-3750,1,0.02
id,SUJ-3751,1,0.02
id,SUJ-3752,1,0.02
id,SUJ-3753,1,0.02
id,SUJ-3754,1,0.02
id,SUJ-3755,1,0.02
id,SUJ-3756,1,0.02
id,SUJ-3757,1,0.02
id,SUJ-3758,1,0.02
id,SUJ-3759,1,0.02
id,SUJ-3760,1,0.02
id,SUJ-3761,1,0.02
id,SUJ-3762,1,0.02
id,SUJ-3763,1,0.02
id,SUJ-3764,1,0.02
id,SUJ-3765,1,0.02
id,SUJ-3766,1,0.02
id,SUJ-3767,1,0.02
id,SUJ-3768,1,0.02
id,SUJ-3769,1,0.02
id,SUJ-3770,1,0.02
id,SUJ-3771,1,0.02
id,SUJ-3772,1,0.02
id,SUJ-3773,1,0.02
id,SUJ-3774,1,0.02
id,SUJ-3775,1,0.02
id,SUJ-3776,1,0.02
id,SUJ-3777,1,0.02
id,SUJ-3778,1,0.02
id,SUJ-3779,1,0.02
id,SUJ-3780,1,0.02
id,SUJ-3781,1,0.02
id,SUJ-3782,1,0.02
id,SUJ-3783,1,0.02
id,SUJ-3784,1,0.02
id,SUJ-3785,1,0.02
id,SUJ-3786,1,0.02
id,SUJ-3787,1,0.02
id,SUJ-3788,1,0.02
id,SUJ-3789,1,0.02
id,SUJ-3790,1,0.02
id,SUJ-3791,1,0.02
id,SUJ-3792,1,0.02
id,SUJ-3793,1,0.02
id,SUJ-3794,1,0.02
id,SUJ-3795,1,0.02
id,SUJ-3796,1,0.02
id,SUJ-3797,1,0.02
id,SUJ-3798,1,0.02
id,SUJ-3799,1,0.02
id,SUJ-3800,1,0.02
id,SUJ-3801,1,0.02
id,SUJ-3802,1,0.02
id,SUJ-3803,1,0.02
id,SUJ-3804,1,0.02
id,SUJ-3805,1,0.02
id,SUJ-3806,1,0.02
id,SUJ-3807,1,0.02
id,SUJ-3808,1,0.02
id,SUJ-3809,1,0.02
id,SUJ-3810,1,0.02
id,SUJ-3811,1,0.02
id,SUJ-3812,1,0.02
id,SUJ-3813,1,0.02
id,SUJ-3814,1,0.02
id,SUJ-3815,1,0.02
id,SUJ-3816,1,0.02
id,SUJ-3817,1,0.02
id,SUJ-3818,1,0.02
id,SUJ-3819,1,0.02
id,SUJ-3820,1,0.02
id,SUJ-3821,1,0.02
id,SUJ-3822,1,0.02
id,SUJ-3823,1,0.02
id,SUJ-3824,1,0.02
id,SUJ-3825,1,0.02
id,SUJ-3826,1,0.02
id,SUJ-3827,1,0.02
id,SUJ-3828,1,0.02
id,SUJ-3829,1,0.02
id,SUJ-3830,1,0.02
id,SUJ-3831,1,0.02
id,SUJ-3832,1,0.02
id,SUJ-3833,1,0.02
id,SUJ-3834,1,0.02
id,SUJ-3835,1,0.02
id,SUJ-3836,1,0.02
id,SUJ-3837,1,0.02
id,SUJ-3838,1,0.02
id,SUJ-3839,1,0.02
id,SUJ-3840,1,0.02
id,SUJ-3841,1,0.02
id,SUJ-3842,1,0.02
id,SUJ-3843,1,0.02
id,SUJ-3844,1,0.02
id,SUJ-3845,1,0.02
id,SUJ-3846,1,0.02
id,SUJ-3847,1,0.02
id,SUJ-3848,1,0.02
id,SUJ-3849,1,0.02
id,SUJ-3850,1,0.02
id,SUJ-3851,1,0.02
id,SUJ-3852,1,0.02
id,SUJ-3853,1,0.02
id,SUJ-3854,1,0.02
id,SUJ-3855,1,0.02
id,SUJ-3856,1,0.02
id,SUJ-3857,1,0.02
id,SUJ-3858,1,0.02
id,SUJ-3859,1,0.02
id,SUJ-3860,1,0.02
id,SUJ-3861,1,0.02
id,SUJ-3862,1,0.02
id,SUJ-3863,1,0.02
id,SUJ-3864,1,0.02
id,SUJ-3865,1,0.02
id,SUJ-3866,1,0.02
id,SUJ-3867,1,0.02
id,SUJ-3868,1,0.02
id,SUJ-3869,1,0.02
id,SUJ-3870,1,0.02
id,SUJ-3871,1,0.02
id,SUJ-3872,1,0.02
id,SUJ-3873,1,0.02
id,SUJ-3874,1,0.02
id,SUJ-3875,1,0.02
id,SUJ-3876,1,0.02
id,SUJ-3877,1,0.02
id,SUJ-3878,1,0.02
id,SUJ-3879,1,0.02
id,SUJ-3880,1,0.02
id,SUJ-3881,1,0.02
id,SUJ-3882,1,0.02
id,SUJ-3883,1,0.02
id,SUJ-3884,1,0.02
id,SUJ-3885,1,0.02
id,SUJ-3886,1,0.02
id,SUJ-3887,1,0.02
id,SUJ-3888,1,0.02
id,SUJ-3889,1,0.02
id,SUJ-3890,1,0.02
id,SUJ-3891,1,0.02
id,SUJ-3892,1,0.02
id,SUJ-3893,1,0.02
id,SUJ-3894,1,0.02
id,SUJ-3895,1,0.02
id,SUJ-3896,1,0.02
id,SUJ-3897,1,0.02
id,SUJ-3898,1,0.02
id,SUJ-3899,1,0.02
id,SUJ-3900,1,0.02
id,SUJ-3901,1,0.02
id,SUJ-3902,1,0.02
id,SUJ-3903,1,0.02
id,SUJ-3904,1,0.02
id,SUJ-3905,1,0.02
id,SUJ-3906,1,0.02
id,SUJ-3907,1,0.02
id,SUJ-3908,1,0.02
id,SUJ-3909,1,0.02
id,SUJ-3910,1,0.02
id,SUJ-3911,1,0.02
id,SUJ-3912,1,0.02
id,SUJ-3913,1,0.02
id,SUJ-3914,1,0.02
id,SUJ-3915,1,0.02
id,SUJ-3916,1,0.02
id,SUJ-3917,1,0.02
id,SUJ-3918,1,0.02
id,SUJ-3919,1,0.02
id,SUJ-3920,1,0.02
id,SUJ-3921,1,0.02
id,SUJ-3922,1,0.02
id,SUJ-3923,1,0.02
id,SUJ-3924,1,0.02
id,SUJ-3925,1,0.02
id,SUJ-3926,1,0.02
id,SUJ-3927,1,0.02
id,SUJ-3928,1,0.02
id,SUJ-3929,1,0.02
id,SUJ-3930,1,0.02
id,SUJ-3931,1,0.02
id,SUJ-3932,1,0.02
id,SUJ-3933,1,0.02
id,SUJ-3934,1,0.02
id,SUJ-3935,1,0.02
id,SUJ-3936,1,0.02
id,SUJ-3937,1,0.02
id,SUJ-3938,1,0.02
id,SUJ-3939,1,0.02
id,SUJ-3940,1,0.02
id,SUJ-3941,1,0.02
id,SUJ-3942,1,0.02
id,SUJ-3943,1,0.02
id,SUJ-3944,1,0.02
id,SUJ-3945,1,0.02
id,SUJ-3946,1,0.02
id,SUJ-3947,1,0.02
id,SUJ-3948,1,0.02
id,SUJ-3949,1,0.02
id,SUJ-3950,1,0.02
id,SUJ-3951,1,0.02
id,SUJ-3952,1,0.02
id,SUJ-3953,1,0.02
id,SUJ-3954,1,0.02
id,SUJ-3955,1,0.02
id,SUJ-3956,1,0.02
id,SUJ-3957,1,0.02
id,SUJ-3958,1,0.02
id,SUJ-3959,1,0.02
id,SUJ-3960,1,0.02
id,SUJ-3961,1,0.02
id,SUJ-3962,1,0.02
id,SUJ-3963,1,0.02
id,SUJ-3964,1,0.02
id,SUJ-3965,1,0.02
id,SUJ-3966,1,0.02
id,SUJ-3967,1,0.02
id,SUJ-3968,1,0.02
id,SUJ-3969,1,0.02
id,SUJ-3970,1,0.02
id,SUJ-3971,1,0.02
id,SUJ-3972,1,0.02
id,SUJ-3973,1,0.02
id,SUJ-3974,1,0.02
id,SUJ-3975,1,0.02
id,SUJ-3976,1,0.02
id,SUJ-3977,1,0.02
id,SUJ-3978,1,0.02
id,SUJ-3979,1,0.02
id,SUJ-3980,1,0.02
id,SUJ-3981,1,0.02
id,SUJ-3982,1,0.02
id,SUJ-3983,1,0.02
id,SUJ-3984,1,0.02
id,SUJ-3985,1,0.02
id,SUJ-3986,1,0.02
id,SUJ-3987,1,0.02
id,SUJ-3988,1,0.02
id,SUJ-3989,1,0.02
id,SUJ-3990,1,0.02
id,SUJ-3991,1,0.02
id,SUJ-3992,1,0.02
id,SUJ-3993,1,0.02
id,SUJ-3994,1,0.02
id,SUJ-3995,1,0.02
id,SUJ-3996,1,0.02
id,SUJ-3997,1,0.02
id,SUJ-3998,1,0.02
id,SUJ-3999,1,0.02
id,SUJ-4000,1,0.02
id,SUJ-4001,1,0.02
id,SUJ-4002,1,0.02
id,SUJ-4003,1,0.02
id,SUJ-4004,1,0.02
id,SUJ-4005,1,0.02
id,SUJ-4006,1,0.02
id,SUJ-4007,1,0.02
id,SUJ-4008,1,0.02
id,SUJ-4009,1,0.02
id,SUJ-4010,1,0.02
id,SUJ-4011,1,0.02
id,SUJ-4012,1,0.02
id,SUJ-4013,1,0.02
id,SUJ-4014,1,0.02
id,SUJ-4015,1,0.02
id,SUJ-4016,1,0.02
id,SUJ-4017,1,0.02
id,SUJ-4018,1,0.02
id,SUJ-4019,1,0.02
id,SUJ-4020,1,0.02
id,SUJ-4021,1,0.02
id,SUJ-4022,1,0.02
id,SUJ-4023,1,0.02
id,SUJ-4024,1,0.02
id,SUJ-4025,1,0.02
id,SUJ-4026,1,0.02
id,SUJ-4027,1,0.02
id,SUJ-4028,1,0.02
id,SUJ-4029,1,0.02
id,SUJ-4030,1,0.02
id,SUJ-4031,1,0.02
id,SUJ-4032,1,0.02
id,SUJ-4033,1,0.02
id,SUJ-4034,1,0.02
id,SUJ-4035,1,0.02
id,SUJ-4036,1,0.02
id,SUJ-4037,1,0.02
id,SUJ-4038,1,0.02
id,SUJ-4039,1,0.02
id,SUJ-4040,1,0.02
id,SUJ-4041,1,0.02
id,SUJ-4042,1,0.02
id,SUJ-4043,1,0.02
id,SUJ-4044,1,0.02
id,SUJ-4045,1,0.02
id,SUJ-4046,1,0.02
id,SUJ-4047,1,0.02
id,SUJ-4048,1,0.02
id,SUJ-4049,1,0.02
id,SUJ-4050,1,0.02
id,SUJ-4051,1,0.02
id,SUJ-4052,1,0.02
id,SUJ-4053,1,0.02
id,SUJ-4054,1,0.02
id,SUJ-4055,1,0.02
id,SUJ-4056,1,0.02
id,SUJ-4057,1,0.02
id,SUJ-4058,1,0.02
id,SUJ-4059,1,0.02
id,SUJ-4060,1,0.02
id,SUJ-4061,1,0.02
id,SUJ-4062,1,0.02
id,SUJ-4063,1,0.02
id,SUJ-4064,1,0.02
id,SUJ-4065,1,0.02
id,SUJ-4066,1,0.02
id,SUJ-4067,1,0.02
id,SUJ-4068,1,0.02
id,SUJ-4069,1,0.02
id,SUJ-4070,1,0.02
id,SUJ-4071,1,0.02
id,SUJ-4072,1,0.02
id,SUJ-4073,1,0.02
id,SUJ-4074,1,0.02
id,SUJ-4075,1,0.02
id,SUJ-4076,1,0.02
id,SUJ-4077,1,0.02
id,SUJ-4078,1,0.02
id,SUJ-4079,1,0.02
id,SUJ-4080,1,0.02
id,SUJ-4081,1,0.02
id,SUJ-4082,1,0.02
id,SUJ-4083,1,0.02
id,SUJ-4084,1,0.02
id,SUJ-4085,1,0.02
id,SUJ-4086,1,0.02
id,SUJ-4087,1,0.02
id,SUJ-4088,1,0.02
id,SUJ-4089,1,0.02
id,SUJ-4090,1,0.02
id,SUJ-4091,1,0.02
id,SUJ-4092,1,0.02
id,SUJ-4093,1,0.02
id,SUJ-4094,1,0.02
id,SUJ-4095,1,0.02
id,SUJ-4096,1,0.02
id,SUJ-4097,1,0.02
id,SUJ-4098,1,0.02
id,SUJ-4099,1,0.02
id,SUJ-4100,1,0.02
id,SUJ-4101,1,0.02
id,SUJ-4102,1,0.02
id,SUJ-4103,1,0.02
id,SUJ-4104,1,0.02
id,SUJ-4105,1,0.02
id,SUJ-4106,1,0.02
id,SUJ-4107,1,0.02
id,SUJ-4108,1,0.02
id,SUJ-4109,1,0.02
id,SUJ-4110,1,0.02
id,SUJ-4111,1,0.02
id,SUJ-4112,1,0.02
id,SUJ-4113,1,0.02
id,SUJ-4114,1,0.02
id,SUJ-4115,1,0.02
id,SUJ-4116,1,0.02
id,SUJ-4117,1,0.02
id,SUJ-4118,1,0.02
id,SUJ-4119,1,0.02
id,SUJ-4120,1,0.02
id,SUJ-4121,1,0.02
id,SUJ-4122,1,0.02
id,SUJ-4123,1,0.02
id,SUJ-4124,1,0.02
id,SUJ-4125,1,0.02
id,SUJ-4126,1,0.02
id,SUJ-4127,1,0.02
id,SUJ-4128,1,0.02
id,SUJ-4129,1,0.02
id,SUJ-4130,1,0.02
id,SUJ-4131,1,0.02
id,SUJ-4132,1,0.02
id,SUJ-4133,1,0.02
id,SUJ-4134,1,0.02
id,SUJ-4135,1,0.02
id,SUJ-4136,1,0.02
id,SUJ-4137,1,0.02
id,SUJ-4138,1,0.02
id,SUJ-4139,1,0.02
id,SUJ-4140,1,0.02
id,SUJ-4141,1,0.02
id,SUJ-4142,1,0.02
id,SUJ-4143,1,0.02
id,SUJ-4144,1,0.02
id,SUJ-4145,1,0.02
id,SUJ-4146,1,0.02
id,SUJ-4147,1,0.02
id,SUJ-4148,1,0.02
id,SUJ-4149,1,0.02
id,SUJ-4150,1,0.02
id,SUJ-4151,1,0.02
id,SUJ-4152,1,0.02
id,SUJ-4153,1,0.02
id,SUJ-4154,1,0.02
id,SUJ-4155,1,0.02
id,SUJ-4156,1,0.02
id,SUJ-4157,1,0.02
id,SUJ-4158,1,0.02
id,SUJ-4159,1,0.02
id,SUJ-4160,1,0.02
id,SUJ-4161,1,0.02
id,SUJ-4162,1,0.02
id,SUJ-4163,1,0.02
id,SUJ-4164,1,0.02
id,SUJ-4165,1,0.02
id,SUJ-4166,1,0.02
id,SUJ-4167,1,0.02
id,SUJ-4168,1,0.02
id,SUJ-4169,1,0.02
id,SUJ-4170,1,0.02
id,SUJ-4171,1,0.02
id,SUJ-4172,1,0.02
id,SUJ-4173,1,0.02
id,SUJ-4174,1,0.02
id,SUJ-4175,1,0.02
id,SUJ-4176,1,0.02
id,SUJ-4177,1,0.02
id,SUJ-4178,1,0.02
id,SUJ-4179,1,0.02
id,SUJ-4180,1,0.02
id,SUJ-4181,1,0.02
id,SUJ-4182,1,0.02
id,SUJ-4183,1,0.02
id,SUJ-4184,1,0.02
id,SUJ-4185,1,0.02
id,SUJ-4186,1,0.02
id,SUJ-4187,1,0.02
id,SUJ-4188,1,0.02
id,SUJ-4189,1,0.02
id,SUJ-4190,1,0.02
id,SUJ-4191,1,0.02
id,SUJ-4192,1,0.02
id,SUJ-4193,1,0.02
id,SUJ-4194,1,0.02
id,SUJ-4195,1,0.02
id,SUJ-4196,1,0.02
id,SUJ-4197,1,0.02
id,SUJ-4198,1,0.02
id,SUJ-4199,1,0.02
id,SUJ-4200,1,0.02
id,SUJ-4201,1,0.02
id,SUJ-4202,1,0.02
id,SUJ-4203,1,0.02
id,SUJ-4204,1,0.02
id,SUJ-4205,1,0.02
id,SUJ-4206,1,0.02
id,SUJ-4207,1,0.02
id,SUJ-4208,1,0.02
id,SUJ-4209,1,0.02
id,SUJ-4210,1,0.02
id,SUJ-4211,1,0.02
id,SUJ-4212,1,0.02
id,SUJ-4213,1,0.02
id,SUJ-4214,1,0.02
id,SUJ-4215,1,0.02
id,SUJ-4216,1,0.02
id,SUJ-4217,1,0.02
id,SUJ-4218,1,0.02
id,SUJ-4219,1,0.02
id,SUJ-4220,1,0.02
id,SUJ-4221,1,0.02
id,SUJ-4222,1,0.02
id,SUJ-4223,1,0.02
id,SUJ-4224,1,0.02
id,SUJ-4225,1,0.02
id,SUJ-4226,1,0.02
id,SUJ-4227,1,0.02
id,SUJ-4228,1,0.02
id,SUJ-4229,1,0.02
id,SUJ-4230,1,0.02
id,SUJ-4231,1,0.02
id,SUJ-4232,1,0.02
id,SUJ-4233,1,0.02
id,SUJ-4234,1,0.02
id,SUJ-4235,1,0.02
id,SUJ-4236,1,0.02
id,SUJ-4237,1,0.02
id,SUJ-4238,1,0.02
id,SUJ-4239,1,0.02
id,SUJ-4240,1,0.02
id,SUJ-4241,1,0.02
id,SUJ-4242,1,0.02
id,SUJ-4243,1,0.02
id,SUJ-4244,1,0.02
id,SUJ-4245,1,0.02
id,SUJ-4246,1,0.02
id,SUJ-4247,1,0.02
id,SUJ-4248,1,0.02
id,SUJ-4249,1,0.02
id,SUJ-4250,1,0.02
id,SUJ-4251,1,0.02
id,SUJ-4252,1,0.02
id,SUJ-4253,1,0.02
id,SUJ-4254,1,0.02
id,SUJ-4255,1,0.02
id,SUJ-4256,1,0.02
id,SUJ-4257,1,0.02
id,SUJ-4258,1,0.02
id,SUJ-4259,1,0.02
id,SUJ-4260,1,0.02
id,SUJ-4261,1,0.02
id,SUJ-4262,1,0.02
id,SUJ-4263,1,0.02
id,SUJ-4264,1,0.02
id,SUJ-4265,1,0.02
id,SUJ-4266,1,0.02
id,SUJ-4267,1,0.02
id,SUJ-4268,1,0.02
id,SUJ-4269,1,0.02
id,SUJ-4270,1,0.02
id,SUJ-4271,1,0.02
id,SUJ-4272,1,0.02
id,SUJ-4273,1,0.02
id,SUJ-4274,1,0.02
id,SUJ-4275,1,0.02
id,SUJ-4276,1,0.02
id,SUJ-4277,1,0.02
id,SUJ-4278,1,0.02
id,SUJ-4279,1,0.02
id,SUJ-4280,1,0.02
id,SUJ-4281,1,0.02
id,SUJ-4282,1,0.02
id,SUJ-4283,1,0.02
id,SUJ-4284,1,0.02
id,SUJ-4285,1,0.02
id,SUJ-4286,1,0.02
id,SUJ-4287,1,0.02
id,SUJ-4288,1,0.02
id,SUJ-4289,1,0.02
id,SUJ-4290,1,0.02
id,SUJ-4291,1,0.02
id,SUJ-4292,1,0.02
id,SUJ-4293,1,0.02
id,SUJ-4294,1,0.02
id,SUJ-4295,1,0.02
id,SUJ-4296,1,0.02
id,SUJ-4297,1,0.02
id,SUJ-4298,1,0.02
id,SUJ-4299,1,0.02
id,SUJ-4300,1,0.02
id,SUJ-4301,1,0.02
id,SUJ-4302,1,0.02
id,SUJ-4303,1,0.02
id,SUJ-4304,1,0.02
id,SUJ-4305,1,0.02
id,SUJ-4306,1,0.02
id,SUJ-4307,1,0.02
id,SUJ-4308,1,0.02
id,SUJ-4309,1,0.02
id,SUJ-4310,1,0.02
id,SUJ-4311,1,0.02
id,SUJ-4312,1,0.02
id,SUJ-4313,1,0.02
id,SUJ-4314,1,0.02
id,SUJ-4315,1,0.02
id,SUJ-4316,1,0.02
id,SUJ-4317,1,0.02
id,SUJ-4318,1,0.02
id,SUJ-4319,1,0.02
id,SUJ-4320,1,0.02
id,SUJ-4321,1,0.02
id,SUJ-4322,1,0.02
id,SUJ-4323,1,0.02
id,SUJ-4324,1,0.02
id,SUJ-4325,1,0.02
id,SUJ-4326,1,0.02
id,SUJ-4327,1,0.02
id,SUJ-4328,1,0.02
id,SUJ-4329,1,0.02
id,SUJ-4330,1,0.02
id,SUJ-4331,1,0.02
id,SUJ-4332,1,0.02
id,SUJ-4333,1,0.02
id,SUJ-4334,1,0.02
id,SUJ-4335,1,0.02
id,SUJ-4336,1,0.02
id,SUJ-4337,1,0.02
id,SUJ-4338,1,0.02
id,SUJ-4339,1,0.02
id,SUJ-4340,1,0.02
id,SUJ-4341,1,0.02
id,SUJ-4342,1,0.02
id,SUJ-4343,1,0.02
id,SUJ-4344,1,0.02
id,SUJ-4345,1,0.02
id,SUJ-4346,1,0.02
id,SUJ-4347,1,0.02
id,SUJ-4348,1,0.02
id,SUJ-4349,1,0.02
id,SUJ-4350,1,0.02
id,SUJ-4351,1,0.02
id,SUJ-4352,1,0.02
id,SUJ-4353,1,0.02
id,SUJ-4354,1,0.02
id,SUJ-4355,1,0.02
id,SUJ-4356,1,0.02
id,SUJ-4357,1,0.02
id,SUJ-4358,1,0.02
id,SUJ-4359,1,0.02
id,SUJ-4360,1,0.02
id,SUJ-4361,1,0.02
id,SUJ-4362,1,0.02
id,SUJ-4363,1,0.02
id,SUJ-4364,1,0.02
id,SUJ-4365,1,0.02
id,SUJ-4366,1,0.02
id,SUJ-4367,1,0.02
id,SUJ-4368,1,0.02
id,SUJ-4369,1,0.02
id,SUJ-4370,1,0.02
id,SUJ-4371,1,0.02
id,SUJ-4372,1,0.02
id,SUJ-4373,1,0.02
id,SUJ-4374,1,0.02
id,SUJ-4375,1,0.02
id,SUJ-4376,1,0.02
id,SUJ-4377,1,0.02
id,SUJ-4378,1,0.02
id,SUJ-4379,1,0.02
id,SUJ-4380,1,0.02
id,SUJ-4381,1,0.02
id,SUJ-4382,1,0.02
id,SUJ-4383,1,0.02
id,SUJ-4384,1,0.02
id,SUJ-4385,1,0.02
id,SUJ-4386,1,0.02
id,SUJ-4387,1,0.02
id,SUJ-4388,1,0.02
id,SUJ-4389,1,0.02
id,SUJ-4390,1,0.02
id,SUJ-4391,1,0.02
id,SUJ-4392,1,0.02
id,SUJ-4393,1,0.02
id,SUJ-4394,1,0.02
id,SUJ-4395,1,0.02
id,SUJ-4396,1,0.02
id,SUJ-4397,1,0.02
id,SUJ-4398,1,0.02
id,SUJ-4399,1,0.02
id,SUJ-4400,1,0.02
id,SUJ-4401,1,0.02
id,SUJ-4402,1,0.02
id,SUJ-4403,1,0.02
id,SUJ-4404,1,0.02
id,SUJ-4405,1,0.02
id,SUJ-4406,1,0.02
id,SUJ-4407,1,0.02
id,SUJ-4408,1,0.02
id,SUJ-4409,1,0.02
id,SUJ-4410,1,0.02
id,SUJ-4411,1,0.02
id,SUJ-4412,1,0.02
id,SUJ-4413,1,0.02
id,SUJ-4414,1,0.02
id,SUJ-4415,1,0.02
id,SUJ-4416,1,0.02
id,SUJ-4417,1,0.02
id,SUJ-4418,1,0.02
id,SUJ-4419,1,0.02
id,SUJ-4420,1,0.02
id,SUJ-4421,1,0.02
id,SUJ-4422,1,0.02
id,SUJ-4423,1,0.02
id,SUJ-4424,1,0.02
id,SUJ-4425,1,0.02
id,SUJ-4426,1,0.02
id,SUJ-4427,1,0.02
id,SUJ-4428,1,0.02
id,SUJ-4429,1,0.02
id,SUJ-4430,1,0.02
id,SUJ-4431,1,0.02
id,SUJ-4432,1,0.02
id,SUJ-4433,1,0.02
id,SUJ-4434,1,0.02
id,SUJ-4435,1,0.02
id,SUJ-4436,1,0.02
id,SUJ-4437,1,0.02
id,SUJ-4438,1,0.02
id,SUJ-4439,1,0.02
id,SUJ-4440,1,0.02
id,SUJ-4441,1,0.02
id,SUJ-4442,1,0.02
id,SUJ-4443,1,0.02
id,SUJ-4444,1,0.02
id,SUJ-4445,1,0.02
id,SUJ-4446,1,0.02
id,SUJ-4447,1,0.02
id,SUJ-4448,1,0.02
id,SUJ-4449,1,0.02
id,SUJ-4450,1,0.02
id,SUJ-4451,1,0.02
id,SUJ-4452,1,0.02
id,SUJ-4453,1,0.02
id,SUJ-4454,1,0.02
id,SUJ-4455,1,0.02
id,SUJ-4456,1,0.02
id,SUJ-4457,1,0.02
id,SUJ-4458,1,0.02
id,SUJ-4459,1,0.02
id,SUJ-4460,1,0.02
id,SUJ-4461,1,0.02
id,SUJ-4462,1,0.02
id,SUJ-4463,1,0.02
id,SUJ-4464,1,0.02
id,SUJ-4465,1,0.02
id,SUJ-4466,1,0.02
id,SUJ-4467,1,0.02
id,SUJ-4468,1,0.02
id,SUJ-4469,1,0.02
id,SUJ-4470,1,0.02
id,SUJ-4471,1,0.02
id,SUJ-4472,1,0.02
id,SUJ-4473,1,0.02
id,SUJ-4474,1,0.02
id,SUJ-4475,1,0.02
id,SUJ-4476,1,0.02
id,SUJ-4477,1,0.02
id,SUJ-4478,1,0.02
id,SUJ-4479,1,0.02
id,SUJ-4480,1,0.02
id,SUJ-4481,1,0.02
id,SUJ-4482,1,0.02
id,SUJ-4483,1,0.02
id,SUJ-4484,1,0.02
id,SUJ-4485,1,0.02
id,SUJ-4486,1,0.02
id,SUJ-4487,1,0.02
id,SUJ-4488,1,0.02
id,SUJ-4489,1,0.02
id,SUJ-4490,1,0.02
id,SUJ-4491,1,0.02
id,SUJ-4492,1,0.02
id,SUJ-4493,1,0.02
id,SUJ-4494,1,0.02
id,SUJ-4495,1,0.02
id,SUJ-4496,1,0.02
id,SUJ-4497,1,0.02
id,SUJ-4498,1,0.02
id,SUJ-4499,1,0.02
id,SUJ-4500,1,0.02
id,SUJ-4501,1,0.02
id,SUJ-4502,1,0.02
id,SUJ-4503,1,0.02
id,SUJ-4504,1,0.02
id,SUJ-4505,1,0.02
id,SUJ-4506,1,0.02
id,SUJ-4507,1,0.02
id,SUJ-4508,1,0.02
id,SUJ-4509,1,0.02
id,SUJ-4510,1,0.02
id,SUJ-4511,1,0.02
id,SUJ-4512,1,0.02
id,SUJ-4513,1,0.02
id,SUJ-4514,1,0.02
id,SUJ-4515,1,0.02
id,SUJ-4516,1,0.02
id,SUJ-4517,1,0.02
id,SUJ-4518,1,0.02
id,SUJ-4519,1,0.02
id,SUJ-4520,1,0.02
id,SUJ-4521,1,0.02
id,SUJ-4522,1,0.02
id,SUJ-4523,1,0.02
id,SUJ-4524,1,0.02
id,SUJ-4525,1,0.02
id,SUJ-4526,1,0.02
id,SUJ-4527,1,0.02
id,SUJ-4528,1,0.02
id,SUJ-4529,1,0.02
id,SUJ-4530,1,0.02
id,SUJ-4531,1,0.02
id,SUJ-4532,1,0.02
id,SUJ-4533,1,0.02
id,SUJ-4534,1,0.02
id,SUJ-4535,1,0.02
id,SUJ-4536,1,0.02
id,SUJ-4537,1,0.02
id,SUJ-4538,1,0.02
id,SUJ-4539,1,0.02
id,SUJ-4540,1,0.02
id,SUJ-4541,1,0.02
id,SUJ-4542,1,0.02
id,SUJ-4543,1,0.02
id,SUJ-4544,1,0.02
id,SUJ-4545,1,0.02
id,SUJ-4546,1,0.02
id,SUJ-4547,1,0.02
id,SUJ-4548,1,0.02
id,SUJ-4549,1,0.02
id,SUJ-4550,1,0.02
id,SUJ-4551,1,0.02
id,SUJ-4552,1,0.02
id,SUJ-4553,1,0.02
id,SUJ-4554,1,0.02
id,SUJ-4555,1,0.02
id,SUJ-4556,1,0.02
id,SUJ-4557,1,0.02
id,SUJ-4558,1,0.02
id,SUJ-4559,1,0.02
id,SUJ-4560,1,0.02
id,SUJ-4561,1,0.02
id,SUJ-4562,1,0.02
id,SUJ-4563,1,0.02
id,SUJ-4564,1,0.02
id,SUJ-4565,1,0.02
id,SUJ-4566,1,0.02
id,SUJ-4567,1,0.02
id,SUJ-4568,1,0.02
id,SUJ-4569,1,0.02
id,SUJ-4570,1,0.02
id,SUJ-4571,1,0.02
id,SUJ-4572,1,0.02
id,SUJ-4573,1,0.02
id,SUJ-4574,1,0.02
id,SUJ-4575,1,0.02
id,SUJ-4576,1,0.02
id,SUJ-4577,1,0.02
id,SUJ-4578,1,0.02
id,SUJ-4579,1,0.02
id,SUJ-4580,1,0.02
id,SUJ-4581,1,0.02
id,SUJ-4582,1,0.02
id,SUJ-4583,1,0.02
id,SUJ-4584,1,0.02
id,SUJ-4585,1,0.02
id,SUJ-4586,1,0.02
id,SUJ-4587,1,0.02
id,SUJ-4588,1,0.02
id,SUJ-4589,1,0.02
id,SUJ-4590,1,0.02
id,SUJ-4591,1,0.02
id,SUJ-4592,1,0.02
id,SUJ-4593,1,0.02
id,SUJ-4594,1,0.02
id,SUJ-4595,1,0.02
id,SUJ-4596,1,0.02
id,SUJ-4597,1,0.02
id,SUJ-4598,1,0.02
id,SUJ-4599,1,0.02
id,SUJ-4600,1,0.02
id,SUJ-4601,1,0.02
id,SUJ-4602,1,0.02
id,SUJ-4603,1,0.02
id,SUJ-4604,1,0.02
id,SUJ-4605,1,0.02
id,SUJ-4606,1,0.02
id,SUJ-4607,1,0.02
id,SUJ-4608,1,0.02
id,SUJ-4609,1,0.02
id,SUJ-4610,1,0.02
id,SUJ-4611,1,0.02
id,SUJ-4612,1,0.02
id,SUJ-4613,1,0.02
id,SUJ-4614,1,0.02
id,SUJ-4615,1,0.02
id,SUJ-4616,1,0.02
id,SUJ-4617,1,0.02
id,SUJ-4618,1,0.02
id,SUJ-4619,1,0.02
id,SUJ-4620,1,0.02
id,SUJ-4621,1,0.02
id,SUJ-4622,1,0.02
id,SUJ-4623,1,0.02
id,SUJ-4624,1,0.02
id,SUJ-4625,1,0.02
id,SUJ-4626,1,0.02
id,SUJ-4627,1,0.02
id,SUJ-4628,1,0.02
id,SUJ-4629,1,0.02
id,SUJ-4630,1,0.02
id,SUJ-4631,1,0.02
id,SUJ-4632,1,0.02
id,SUJ-4633,1,0.02
id,SUJ-4634,1,0.02
id,SUJ-4635,1,0.02
id,SUJ-4636,1,0.02
id,SUJ-4637,1,0.02
id,SUJ-4638,1,0.02
id,SUJ-4639,1,0.02
id,SUJ-4640,1,0.02
id,SUJ-4641,1,0.02
id,SUJ-4642,1,0.02
id,SUJ-4643,1,0.02
id,SUJ-4644,1,0.02
id,SUJ-4645,1,0.02
id,SUJ-4646,1,0.02
id,SUJ-4647,1,0.02
id,SUJ-4648,1,0.02
id,SUJ-4649,1,0.02
id,SUJ-4650,1,0.02
id,SUJ-4651,1,0.02
id,SUJ-4652,1,0.02
id,SUJ-4653,1,0.02
id,SUJ-4654,1,0.02
id,SUJ-4655,1,0.02
id,SUJ-4656,1,0.02
id,SUJ-4657,1,0.02
id,SUJ-4658,1,0.02
id,SUJ-4659,1,0.02
id,SUJ-4660,1,0.02
id,SUJ-4661,1,0.02
id,SUJ-4662,1,0.02
id,SUJ-4663,1,0.02
id,SUJ-4664,1,0.02
id,SUJ-4665,1,0.02
id,SUJ-4666,1,0.02
id,SUJ-4667,1,0.02
id,SUJ-4668,1,0.02
id,SUJ-4669,1,0.02
id,SUJ-4670,1,0.02
id,SUJ-4671,1,0.02
id,SUJ-4672,1,0.02
id,SUJ-4673,1,0.02
id,SUJ-4674,1,0.02
id,SUJ-4675,1,0.02
id,SUJ-4676,1,0.02
id,SUJ-4677,1,0.02
id,SUJ-4678,1,0.02
id,SUJ-4679,1,0.02
id,SUJ-4680,1,0.02
id,SUJ-4681,1,0.02
id,SUJ-4682,1,0.02
id,SUJ-4683,1,0.02
id,SUJ-4684,1,0.02
id,SUJ-4685,1,0.02
id,SUJ-4686,1,0.02
id,SUJ-4687,1,0.02
id,SUJ-4688,1,0.02
id,SUJ-4689,1,0.02
id,SUJ-4690,1,0.02
id,SUJ-4691,1,0.02
id,SUJ-4692,1,0.02
id,SUJ-4693,1,0.02
id,SUJ-4694,1,0.02
id,SUJ-4695,1,0.02
id,SUJ-4696,1,0.02
id,SUJ-4697,1,0.02
id,SUJ-4698,1,0.02
id,SUJ-4699,1,0.02
id,SUJ-4700,1,0.02
id,SUJ-4701,1,0.02
id,SUJ-4702,1,0.02
id,SUJ-4703,1,0.02
id,SUJ-4704,1,0.02
id,SUJ-4705,1,0.02
id,SUJ-4706,1,0.02
id,SUJ-4707,1,0.02
id,SUJ-4708,1,0.02
id,SUJ-4709,1,0.02
id,SUJ-4710,1,0.02
id,SUJ-4711,1,0.02
id,SUJ-4712,1,0.02
id,SUJ-4713,1,0.02
id,SUJ-4714,1,0.02
id,SUJ-4715,1,0.02
id,SUJ-4716,1,0.02
id,SUJ-4717,1,0.02
id,SUJ-4718,1,0.02
id,SUJ-4719,1,0.02
id,SUJ-4720,1,0.02
id,SUJ-4721,1,0.02
id,SUJ-4722,1,0.02
id,SUJ-4723,1,0.02
id,SUJ-4724,1,0.02
id,SUJ-4725,1,0.02
id,SUJ-4726,1,0.02
id,SUJ-4727,1,0.02
id,SUJ-4728,1,0.02
id,SUJ-4729,1,0.02
id,SUJ-4730,1,0.02
id,SUJ-4731,1,0.02
id,SUJ-4732,1,0.02
id,SUJ-4733,1,0.02
id,SUJ-4734,1,0.02
id,SUJ-4735,1,0.02
id,SUJ-4736,1,0.02
id,SUJ-4737,1,0.02
id,SUJ-4738,1,0.02
id,SUJ-4739,1,0.02
id,SUJ-4740,1,0.02
id,SUJ-4741,1,0.02
id,SUJ-4742,1,0.02
id,SUJ-4743,1,0.02
id,SUJ-4744,1,0.02
id,SUJ-4745,1,0.02
id,SUJ-4746,1,0.02
id,SUJ-4747,1,0.02
id,SUJ-4748,1,0.02
id,SUJ-4749,1,0.02
id,SUJ-4750,1,0.02
id,SUJ-4751,1,0.02
id,SUJ-4752,1,0.02
id,SUJ-4753,1,0.02
id,SUJ-4754,1,0.02
id,SUJ-4755,1,0.02
id,SUJ-4756,1,0.02
id,SUJ-4757,1,0.02
id,SUJ-4758,1,0.02
id,SUJ-4759,1,0.02
id,SUJ-4760,1,0.02
id,SUJ-4761,1,0.02
id,SUJ-4762,1,0.02
id,SUJ-4763,1,0.02
id,SUJ-4764,1,0.02
id,SUJ-4765,1,0.02
id,SUJ-4766,1,0.02
id,SUJ-4767,1,0.02
id,SUJ-4768,1,0.02
id,SUJ-4769,1,0.02
id,SUJ-4770,1,0.02
id,SUJ-4771,1,0.02
id,SUJ-4772,1,0.02
id,SUJ-4773,1,0.02
id,SUJ-4774,1,0.02
id,SUJ-4775,1,0.02
id,SUJ-4776,1,0.02
id,SUJ-4777,1,0.02
id,SUJ-4778,1,0.02
id,SUJ-4779,1,0.02
id,SUJ-4780,1,0.02
id,SUJ-4781,1,0.02
id,SUJ-4782,1,0.02
id,SUJ-4783,1,0.02
id,SUJ-4784,1,0.02
id,SUJ-4785,1,0.02
id,SUJ-4786,1,0.02
id,SUJ-4787,1,0.02
id,SUJ-4788,1,0.02
id,SUJ-4789,1,0.02
id,SUJ-4790,1,0.02
id,SUJ-4791,1,0.02
id,SUJ-4792,1,0.02
id,SUJ-4793,1,0.02
id,SUJ-4794,1,0.02
id,SUJ-4795,1,0.02
id,SUJ-4796,1,0.02
id,SUJ-4797,1,0.02
id,SUJ-4798,1,0.02
id,SUJ-4799,1,0.02
id,SUJ-4800,1,0.02
id,SUJ-4801,1,0.02
id,SUJ-4802,1,0.02
id,SUJ-4803,1,0.02
id,SUJ-4804,1,0.02
id,SUJ-4805,1,0.02
id,SUJ-4806,1,0.02
id,SUJ-4807,1,0.02
id,SUJ-4808,1,0.02
id,SUJ-4809,1,0.02
id,SUJ-4810,1,0.02
id,SUJ-4811,1,0.02
id,SUJ-4812,1,0.02
id,SUJ-4813,1,0.02
id,SUJ-4814,1,0.02
id,SUJ-4815,1,0.02
id,SUJ-4816,1,0.02
id,SUJ-4817,1,0.02
id,SUJ-4818,1,0.02
id,SUJ-4819,1,0.02
id,SUJ-4820,1,0.02
id,SUJ-4821,1,0.02
id,SUJ-4822,1,0.02
id,SUJ-4823,1,0.02
id,SUJ-4824,1,0.02
id,SUJ-4825,1,0.02
id,SUJ-4826,1,0.02
id,SUJ-4827,1,0.02
id,SUJ-4828,1,0.02
id,SUJ-4829,1,0.02
id,SUJ-4830,1,0.02
id,SUJ-4831,1,0.02
id,SUJ-4832,1,0.02
id,SUJ-4833,1,0.02
id,SUJ-4834,1,0.02
id,SUJ-4835,1,0.02
id,SUJ-4836,1,0.02
id,SUJ-4837,1,0.02
id,SUJ-4838,1,0.02
id,SUJ-4839,1,0.02
id,SUJ-4840,1,0.02
id,SUJ-4841,1,0.02
id,SUJ-4842,1,0.02
id,SUJ-4843,1,0.02
id,SUJ-4844,1,0.02
id,SUJ-4845,1,0.02
id,SUJ-4846,1,0.02
id,SUJ-4847,1,0.02
id,SUJ-4848,1,0.02
id,SUJ-4849,1,0.02
id,SUJ-4850,1,0.02
id,SUJ-4851,1,0.02
id,SUJ-4852,1,0.02
id,SUJ-4853,1,0.02
id,SUJ-4854,1,0.02
id,SUJ-4855,1,0.02
id,SUJ-4856,1,0.02
id,SUJ-4857,1,0.02
id,SUJ-4858,1,0.02
id,SUJ-4859,1,0.02
id,SUJ-4860,1,0.02
id,SUJ-4861,1,0.02
id,SUJ-4862,1,0.02
id,SUJ-4863,1,0.02
id,SUJ-4864,1,0.02
id,SUJ-4865,1,0.02
id,SUJ-4866,1,0.02
id,SUJ-4867,1,0.02
id,SUJ-4868,1,0.02
id,SUJ-4869,1,0.02
id,SUJ-4870,1,0.02
id,SUJ-4871,1,0.02
id,SUJ-4872,1,0.02
id,SUJ-4873,1,0.02
id,SUJ-4874,1,0.02
id,SUJ-4875,1,0.02
id,SUJ-4876,1,0.02
id,SUJ-4877,1,0.02
id,SUJ-4878,1,0.02
id,SUJ-4879,1,0.02
id,SUJ-4880,1,0.02
id,SUJ-4881,1,0.02
id,SUJ-4882,1,0.02
id,SUJ-4883,1,0.02
id,SUJ-4884,1,0.02
id,SUJ-4885,1,0.02
id,SUJ-4886,1,0.02
id,SUJ-4887,1,0.02
id,SUJ-4888,1,0.02
id,SUJ-4889,1,0.02
id,SUJ-4890,1,0.02
id,SUJ-4891,1,0.02
id,SUJ-4892,1,0.02
id,SUJ-4893,1,0.02
id,SUJ-4894,1,0.02
id,SUJ-4895,1,0.02
id,SUJ-4896,1,0.02
id,SUJ-4897,1,0.02
id,SUJ-4898,1,0.02
id,SUJ-4899,1,0.02
id,SUJ-4900,1,0.02
id,SUJ-4901,1,0.02
id,SUJ-4902,1,0.02
id,SUJ-4903,1,0.02
id,SUJ-4904,1,0.02
id,SUJ-4905,1,0.02
id,SUJ-4906,1,0.02
id,SUJ-4907,1,0.02
id,SUJ-4908,1,0.02
id,SUJ-4909,1,0.02
id,SUJ-4910,1,0.02
id,SUJ-4911,1,0.02
id,SUJ-4912,1,0.02
id,SUJ-4913,1,0.02
id,SUJ-4914,1,0.02
id,SUJ-4915,1,0.02
id,SUJ-4916,1,0.02
id,SUJ-4917,1,0.02
id,SUJ-4918,1,0.02
id,SUJ-4919,1,0.02
id,SUJ-4920,1,0.02
id,SUJ-4921,1,0.02
id,SUJ-4922,1,0.02
id,SUJ-4923,1,0.02
id,SUJ-4924,1,0.02
id,SUJ-4925,1,0.02
id,SUJ-4926,1,0.02
id,SUJ-4927,1,0.02
id,SUJ-4928,1,0.02
id,SUJ-4929,1,0.02
id,SUJ-4930,1,0.02
id,SUJ-4931,1,0.02
id,SUJ-4932,1,0.02
id,SUJ-4933,1,0.02
id,SUJ-4934,1,0.02
id,SUJ-4935,1,0.02
id,SUJ-4936,1,0.02
id,SUJ-4937,1,0.02
id,SUJ-4938,1,0.02
id,SUJ-4939,1,0.02
id,SUJ-4940,1,0.02
id,SUJ-4941,1,0.02
id,SUJ-4942,1,0.02
id,SUJ-4943,1,0.02
id,SUJ-4944,1,0.02
id,SUJ-4945,1,0.02
id,SUJ-4946,1,0.02
id,SUJ-4947,1,0.02
id,SUJ-4948,1,0.02
id,SUJ-4949,1,0.02
id,SUJ-4950,1,0.02
id,SUJ-4951,1,0.02
id,SUJ-4952,1,0.02
id,SUJ-4953,1,0.02
id,SUJ-4954,1,0.02
id,SUJ-4955,1,0.02
id,SUJ-4956,1,0.02
id,SUJ-4957,1,0.02
id,SUJ-4958,1,0.02
id,SUJ-4959,1,0.02
id,SUJ-4960,1,0.02
id,SUJ-4961,1,0.02
id,SUJ-4962,1,0.02
id,SUJ-4963,1,0.02
id,SUJ-4964,1,0.02
id,SUJ-4965,1,0.02
id,SUJ-4966,1,0.02
id,SUJ-4967,1,0.02
id,SUJ-4968,1,0.02
id,SUJ-4969,1,0.02
id,SUJ-4970,1,0.02
id,SUJ-4971,1,0.02
id,SUJ-4972,1,0.02
id,SUJ-4973,1,0.02
id,SUJ-4974,1,0.02
id,SUJ-4975,1,0.02
id,SUJ-4976,1,0.02
id,SUJ-4977,1,0.02
id,SUJ-4978,1,0.02
id,SUJ-4979,1,0.02
id,SUJ-4980,1,0.02
id,SUJ-4981,1,0.02
id,SUJ-4982,1,0.02
id,SUJ-4983,1,0.02
id,SUJ-4984,1,0.02
id,SUJ-4985,1,0.02
id,SUJ-4986,1,0.02
id,SUJ-4987,1,0.02
id,SUJ-4988,1,0.02
id,SUJ-4989,1,0.02
id,SUJ-4990,1,0.02
id,SUJ-4991,1,0.02
id,SUJ-4992,1,0.02
id,SUJ-4993,1,0.02
id,SUJ-4994,1,0.02
id,SUJ-4995,1,0.02
id,SUJ-4996,1,0.02
id,SUJ-4997,1,0.02
id,SUJ-4998,1,0.02
id,SUJ-4999,1,0.02
id,SUJ-5000,1,0.02
sector,Tecnología,1122,22.44
sector,Finanzas,911,18.22
sector,Retail/Comercio,762,15.24
sector,Manufactura,735,14.7
sector,Inmuebles,587,11.74
sector,Servicios,455,9.1
sector,Agroindustria,226,4.52
sector,Salud/Farma,202,4.04
region,Buenos Aires,476,9.52
region,Bogotá,434,8.68
region,Santiago,433,8.66
region,CDMX,432,8.64
region,Medellín,428,8.56
region,Cali,413,8.26
region,Monterrey,413,8.26
region,Caracas,401,8.02
region,Barranquilla,398,7.96
region,São Paulo,397,7.94
region,Bucaramanga,393,7.86
region,Lima,382,7.64
nivel_educacion,Universitario,1626,32.52
nivel_educacion,Maestría,1078,21.56
nivel_educacion,Posgrado,1002,20.04
nivel_educacion,Técnico,501,10.02
nivel_educacion,Doctorado,406,8.12
nivel_educacion,Bachillerato,387,7.74
tipo_negocio,Empresa propia,1858,37.16
tipo_negocio,Startup escalada,927,18.54
tipo_negocio,E-commerce,748,14.96
tipo_negocio,Holding,600,12.0
tipo_negocio,Franquicia,517,10.34
tipo_negocio,Empresa familiar,350,7.0
estado_civil_inicio,Soltero,2515,50.3
estado_civil_inicio,Casado,1727,34.54
estado_civil_inicio,Unión libre,758,15.16
