var_a,var_b,pearson_r,pearson_r2,pearson_p,significativo_95,ci95_lo,ci95_hi,spearman_r,spearman_p,fuerza,direccion,abs_r
horas_sem_pico,sacrificio_total,0.8916,0.795,0.0,True,0.8858,0.8972,0.8899,0.0,Muy fuerte,Positiva,0.8916
sacrificio_ocio_hobbies,sacrificio_total,0.7359,0.5415,0.0,True,0.7229,0.7483,0.7314,0.0,Fuerte,Positiva,0.7359
anos_primer_millon,anos_trayectoria_total,0.7245,0.5249,0.0,True,0.7111,0.7374,0.7186,0.0,Fuerte,Positiva,0.7245
sacrificio_total,bienestar_psicologico,-0.7199,0.5183,0.0,True,-0.733,-0.7063,-0.7142,0.0,Fuerte,Negativa,0.7199
sacrificio_sueno,sacrificio_total,0.717,0.5141,0.0,True,0.7033,0.7302,0.7102,0.0,Fuerte,Positiva,0.717
sacrificio_familia,sacrificio_total,0.7052,0.4974,0.0,True,0.691,0.7189,0.694,0.0,Fuerte,Positiva,0.7052
horas_sem_pico,sacrificio_ocio_hobbies,0.6987,0.4882,0.0,True,0.6842,0.7126,0.7,0.0,Fuerte,Positiva,0.6987
sacrificio_amor_pareja,sacrificio_total,0.6886,0.4741,0.0,True,0.6737,0.7029,0.6748,0.0,Fuerte,Positiva,0.6886
sacrificio_salud,sacrificio_total,0.6813,0.4642,0.0,True,0.6662,0.6959,0.6623,0.0,Fuerte,Positiva,0.6813
horas_sem_pico,sacrificio_sueno,0.6671,0.445,0.0,True,0.6514,0.6822,0.6627,0.0,Fuerte,Positiva,0.6671
sacrificio_amigos,sacrificio_total,0.6622,0.4385,0.0,True,0.6464,0.6775,0.6465,0.0,Fuerte,Positiva,0.6622
horas_sem_pico,bienestar_psicologico,-0.6447,0.4156,0.0,True,-0.6606,-0.6282,-0.6385,0.0,Fuerte,Negativa,0.6447
horas_sem_pico,sacrificio_familia,0.638,0.407,0.0,True,0.6212,0.6541,0.6258,0.0,Fuerte,Positiva,0.638
roi_anualizado_pct,score_exito,0.5955,0.3547,0.0,True,0.5774,0.6131,0.579,0.0,Moderada,Positiva,0.5955
horas_sem_pico,sacrificio_salud,0.5895,0.3475,0.0,True,0.5711,0.6073,0.5752,0.0,Moderada,Positiva,0.5895
horas_sem_pico,sacrificio_amor_pareja,0.5868,0.3443,0.0,True,0.5683,0.6046,0.5745,0.0,Moderada,Positiva,0.5868
horas_sem_pico,sacrificio_amigos,0.5624,0.3163,0.0,True,0.5432,0.5811,0.5488,0.0,Moderada,Positiva,0.5624
sacrificio_ocio_hobbies,bienestar_psicologico,-0.5295,0.2804,0.0,True,-0.5491,-0.5092,-0.527,0.0,Moderada,Negativa,0.5295
sacrificio_sueno,bienestar_psicologico,-0.5142,0.2644,0.0,True,-0.5343,-0.4935,-0.5076,0.0,Moderada,Negativa,0.5142
sacrificio_familia,bienestar_psicologico,-0.5118,0.2619,0.0,True,-0.532,-0.491,-0.5043,0.0,Moderada,Negativa,0.5118
sacrificio_amor_pareja,bienestar_psicologico,-0.4965,0.2465,0.0,True,-0.5171,-0.4754,-0.4929,0.0,Moderada,Negativa,0.4965
patrimonio_m_usd,score_exito,0.4872,0.2373,0.0,True,0.4657,0.508,0.7039,0.0,Moderada,Positiva,0.4872
sacrificio_salud,bienestar_psicologico,-0.4835,0.2338,0.0,True,-0.5045,-0.462,-0.4691,0.0,Moderada,Negativa,0.4835
sacrificio_amigos,bienestar_psicologico,-0.4815,0.2318,0.0,True,-0.5025,-0.4599,-0.4755,0.0,Moderada,Negativa,0.4815
sacrificio_ocio_hobbies,sacrificio_sueno,0.4635,0.2149,0.0,True,0.4415,0.485,0.4624,0.0,Moderada,Positiva,0.4635
sacrificio_familia,sacrificio_ocio_hobbies,0.4552,0.2072,0.0,True,0.4329,0.4769,0.4418,0.0,Moderada,Positiva,0.4552
score_disciplina,satisfaccion_vida,0.4495,0.2021,0.0,True,0.4272,0.4714,0.4361,0.0,Moderada,Positiva,0.4495
sacrificio_amor_pareja,sacrificio_ocio_hobbies,0.4179,0.1747,0.0,True,0.3948,0.4406,0.4127,0.0,Moderada,Positiva,0.4179
sacrificio_familia,sacrificio_sueno,0.4144,0.1717,0.0,True,0.3912,0.4371,0.4078,0.0,Moderada,Positiva,0.4144
sacrificio_salud,sacrificio_ocio_hobbies,0.4127,0.1703,0.0,True,0.3894,0.4354,0.4067,0.0,Moderada,Positiva,0.4127
sacrificio_amigos,sacrificio_ocio_hobbies,0.3829,0.1466,0.0,True,0.359,0.4063,0.3765,0.0,Débil,Positiva,0.3829
sacrificio_amor_pareja,sacrificio_sueno,0.3807,0.145,0.0,True,0.3568,0.4042,0.3682,0.0,Débil,Positiva,0.3807
sacrificio_familia,sacrificio_amor_pareja,0.3798,0.1442,0.0,True,0.3558,0.4032,0.3733,0.0,Débil,Positiva,0.3798
sacrificio_salud,sacrificio_sueno,0.3777,0.1427,0.0,True,0.3537,0.4013,0.3691,0.0,Débil,Positiva,0.3777
sacrificio_familia,sacrificio_salud,0.3686,0.1359,0.0,True,0.3444,0.3923,0.3586,0.0,Débil,Positiva,0.3686
sacrificio_amigos,sacrificio_sueno,0.3682,0.1356,0.0,True,0.344,0.3919,0.3591,0.0,Débil,Positiva,0.3682
sacrificio_familia,sacrificio_amigos,0.3516,0.1236,0.0,True,0.327,0.3756,0.3413,0.0,Débil,Positiva,0.3516
sacrificio_salud,sacrificio_amor_pareja,0.342,0.117,0.0,True,0.3173,0.3663,0.3287,0.0,Débil,Positiva,0.342
sacrificio_salud,sacrificio_amigos,0.337,0.1136,0.0,True,0.3122,0.3613,0.3253,0.0,Débil,Positiva,0.337
attr_disciplina_pct,attr_oportunidad_pct,-0.3349,0.1122,0.0,True,-0.3593,-0.3101,-0.3176,0.0,Débil,Negativa,0.3349
sacrificio_amor_pareja,sacrificio_amigos,0.3304,0.1092,0.0,True,0.3055,0.3549,0.3253,0.0,Débil,Positiva,0.3304
attr_disciplina_pct,attr_conocimiento_pct,-0.3165,0.1001,0.0,True,-0.3412,-0.2913,-0.2937,0.0,Débil,Negativa,0.3165
attr_disciplina_pct,attr_red_pct,-0.2805,0.0787,0.0,True,-0.3058,-0.2547,-0.2654,0.0,Débil,Negativa,0.2805
anos_trayectoria_total,score_exito,0.277,0.0767,0.0,True,0.2512,0.3024,0.2059,0.0,Débil,Positiva,0.277
attr_disciplina_pct,attr_trabajo_duro_pct,-0.2571,0.0661,0.0,True,-0.2828,-0.2311,-0.246,0.0,Débil,Negativa,0.2571
sacrificio_total,satisfaccion_vida,-0.2541,0.0646,0.0,True,-0.2799,-0.228,-0.2473,0.0,Débil,Negativa,0.2541
anos_trayectoria_total,patrimonio_m_usd,0.2461,0.0606,0.0,True,0.2199,0.272,0.3374,0.0,Débil,Positiva,0.2461
empleos_generados,score_exito,0.2345,0.055,0.0,True,0.2081,0.2605,0.3829,0.0,Débil,Positiva,0.2345
patrimonio_m_usd,roi_anualizado_pct,0.2312,0.0535,0.0,True,0.2048,0.2573,0.3477,0.0,Débil,Positiva,0.2312
attr_oportunidad_pct,attr_red_pct,-0.2262,0.0512,0.0,True,-0.2523,-0.1997,-0.2183,0.0,Débil,Negativa,0.2262
attr_oportunidad_pct,attr_conocimiento_pct,-0.2223,0.0494,0.0,True,-0.2485,-0.1958,-0.2136,0.0,Débil,Negativa,0.2223
horas_sem_pico,satisfaccion_vida,-0.2132,0.0455,0.0,True,-0.2395,-0.1866,-0.2127,0.0,Débil,Negativa,0.2132
anos_primer_millon,score_exito,0.2039,0.0416,0.0,True,0.1772,0.2303,0.158,0.0,Débil,Positiva,0.2039
attr_disciplina_pct,attr_vision_pct,-0.1931,0.0373,0.0,True,-0.2197,-0.1663,-0.1928,0.0,Muy débil / ruido,Negativa,0.1931
sacrificio_ocio_hobbies,satisfaccion_vida,-0.1928,0.0372,0.0,True,-0.2193,-0.166,-0.1887,0.0,Muy débil / ruido,Negativa,0.1928
sacrificio_familia,satisfaccion_vida,-0.1856,0.0344,0.0,True,-0.2122,-0.1587,-0.1796,0.0,Muy débil / ruido,Negativa,0.1856
sacrificio_salud,satisfaccion_vida,-0.1789,0.032,0.0,True,-0.2056,-0.152,-0.1704,0.0,Muy débil / ruido,Negativa,0.1789
sacrificio_sueno,satisfaccion_vida,-0.1745,0.0305,0.0,True,-0.2013,-0.1475,-0.1728,0.0,Muy débil / ruido,Negativa,0.1745
bienestar_psicologico,satisfaccion_vida,0.1735,0.0301,0.0,True,0.1465,0.2002,0.1702,0.0,Muy débil / ruido,Positiva,0.1735
sacrificio_amigos,satisfaccion_vida,-0.1719,0.0295,0.0,True,-0.1986,-0.1448,-0.1666,0.0,Muy débil / ruido,Negativa,0.1719
score_vision,score_exito,0.1696,0.0288,0.0,True,0.1426,0.1964,0.1897,0.0,Muy débil / ruido,Positiva,0.1696
anos_primer_millon,patrimonio_m_usd,0.168,0.0282,0.0,True,0.1409,0.1948,0.2464,0.0,Muy débil / ruido,Positiva,0.168
sacrificio_amor_pareja,satisfaccion_vida,-0.1627,0.0265,0.0,True,-0.1896,-0.1356,-0.1605,0.0,Muy débil / ruido,Negativa,0.1627
attr_oportunidad_pct,attr_trabajo_duro_pct,-0.1588,0.0252,0.0,True,-0.1857,-0.1317,-0.1395,0.0,Muy débil / ruido,Negativa,0.1588
attr_disciplina_pct,attr_suerte_pct,-0.1463,0.0214,0.0,True,-0.1733,-0.1191,-0.1499,0.0,Muy débil / ruido,Negativa,0.1463
attr_conocimiento_pct,attr_red_pct,-0.1443,0.0208,0.0,True,-0.1714,-0.1171,-0.1401,0.0,Muy débil / ruido,Negativa,0.1443
attr_red_pct,attr_trabajo_duro_pct,-0.1217,0.0148,0.0,True,-0.1489,-0.0943,-0.1142,0.0,Muy débil / ruido,Negativa,0.1217
attr_red_pct,attr_vision_pct,-0.1159,0.0134,0.0,True,-0.1431,-0.0884,-0.1068,0.0,Muy débil / ruido,Negativa,0.1159
attr_oportunidad_pct,attr_vision_pct,-0.1123,0.0126,0.0,True,-0.1396,-0.0848,-0.1059,0.0,Muy débil / ruido,Negativa,0.1123
attr_conocimiento_pct,attr_trabajo_duro_pct,-0.098,0.0096,0.0,True,-0.1254,-0.0705,-0.1058,0.0,Muy débil / ruido,Negativa,0.098
capital_inicial_usd,score_exito,0.0856,0.0073,0.0,True,0.058,0.113,0.074,0.0,Muy débil / ruido,Positiva,0.0856
sacrificio_familia,score_exito,0.0834,0.007,0.0,True,0.0558,0.1109,0.0697,1e-06,Muy débil / ruido,Positiva,0.0834
capital_inicial_usd,patrimonio_m_usd,0.0758,0.0057,0.0,True,0.0482,0.1033,0.1515,0.0,Muy débil / ruido,Positiva,0.0758
attr_oportunidad_pct,attr_suerte_pct,-0.068,0.0046,1e-06,True,-0.0956,-0.0404,-0.0605,1.9e-05,Muy débil / ruido,Negativa,0.068
attr_conocimiento_pct,attr_vision_pct,-0.0666,0.0044,2e-06,True,-0.0942,-0.039,-0.0666,2e-06,Muy débil / ruido,Negativa,0.0666
attr_oportunidad_pct,attr_capital_inicial_pct,-0.0656,0.0043,3e-06,True,-0.0931,-0.0379,-0.0608,1.7e-05,Muy débil / ruido,Negativa,0.0656
attr_disciplina_pct,attr_capital_inicial_pct,-0.06,0.0036,2.2e-05,True,-0.0875,-0.0323,-0.0565,6.4e-05,Muy débil / ruido,Negativa,0.06
attr_conocimiento_pct,attr_suerte_pct,-0.0588,0.0035,3.2e-05,True,-0.0864,-0.0311,-0.0568,5.8e-05,Muy débil / ruido,Negativa,0.0588
attr_trabajo_duro_pct,attr_vision_pct,-0.0572,0.0033,5.2e-05,True,-0.0848,-0.0295,-0.0534,0.000157,Muy débil / ruido,Negativa,0.0572
patrimonio_m_usd,sacrificio_familia,0.0548,0.003,0.000106,True,0.0271,0.0824,0.1052,0.0,Muy débil / ruido,Positiva,0.0548
anos_trayectoria_total,sacrificio_familia,0.0503,0.0025,0.000377,True,0.0226,0.0779,0.0462,0.001081,Muy débil / ruido,Positiva,0.0503
attr_conocimiento_pct,attr_capital_inicial_pct,-0.0425,0.0018,0.002632,True,-0.0702,-0.0148,-0.0476,0.000768,Muy débil / ruido,Negativa,0.0425
sacrificio_familia,attr_trabajo_duro_pct,0.0407,0.0017,0.003956,True,0.013,0.0684,0.0338,0.01694,Muy débil / ruido,Positiva,0.0407
roi_anualizado_pct,sacrificio_familia,0.0405,0.0016,0.004214,True,0.0128,0.0681,0.0334,0.018302,Muy débil / ruido,Positiva,0.0405
attr_red_pct,attr_suerte_pct,-0.0399,0.0016,0.004812,True,-0.0675,-0.0122,-0.0309,0.028831,Muy débil / ruido,Negativa,0.0399
capital_inicial_usd,roi_anualizado_pct,-0.039,0.0015,0.005787,True,-0.0667,-0.0113,-0.0354,0.012387,Muy débil / ruido,Negativa,0.039
sacrificio_total,score_exito,0.0386,0.0015,0.006305,True,0.0109,0.0663,0.0325,0.021451,Muy débil / ruido,Positiva,0.0386
score_exito,bienestar_psicologico,-0.0374,0.0014,0.008188,True,-0.065,-0.0097,-0.0285,0.043859,Muy débil / ruido,Negativa,0.0374
attr_trabajo_duro_pct,attr_suerte_pct,-0.0373,0.0014,0.008308,True,-0.065,-0.0096,-0.039,0.005789,Muy débil / ruido,Negativa,0.0373
sacrificio_familia,attr_disciplina_pct,-0.0369,0.0014,0.008987,True,-0.0646,-0.0092,-0.0377,0.007691,Muy débil / ruido,Negativa,0.0369
sacrificio_familia,attr_vision_pct,0.0345,0.0012,0.014746,True,0.0068,0.0621,0.0392,0.005583,Muy débil / ruido,Positiva,0.0345
attr_red_pct,attr_capital_inicial_pct,-0.034,0.0012,0.016289,True,-0.0616,-0.0063,-0.0303,0.032099,Muy débil / ruido,Negativa,0.034
patrimonio_m_usd,score_resiliencia,0.0323,0.001,0.022295,True,0.0046,0.06,0.0008,0.953461,Muy débil / ruido,Positiva,0.0323
sacrificio_amor_pareja,attr_red_pct,0.0319,0.001,0.02404,True,0.0042,0.0596,0.0339,0.016602,Muy débil / ruido,Positiva,0.0319
divorcios_num,satisfaccion_vida,-0.0318,0.001,0.024613,True,-0.0595,-0.0041,-0.0391,0.005671,Muy débil / ruido,Negativa,0.0318
sacrificio_total,attr_disciplina_pct,-0.0303,0.0009,0.031883,True,-0.058,-0.0026,-0.0379,0.007304,Muy débil / ruido,Negativa,0.0303
bienestar_psicologico,attr_conocimiento_pct,0.0301,0.0009,0.033081,True,0.0024,0.0578,0.0273,0.053897,Muy débil / ruido,Positiva,0.0301
sueno_horas_noche,ejercicio_dias_sem,0.0301,0.0009,0.033214,True,0.0024,0.0578,0.0291,0.039785,Muy débil / ruido,Positiva,0.0301
sacrificio_familia,attr_conocimiento_pct,-0.0294,0.0009,0.037441,True,-0.0571,-0.0017,-0.026,0.06629,Muy débil / ruido,Negativa,0.0294
sacrificio_sueno,attr_disciplina_pct,-0.0292,0.0009,0.038989,True,-0.0569,-0.0015,-0.0374,0.008214,Muy débil / ruido,Negativa,0.0292
anos_primer_millon,sacrificio_sueno,-0.029,0.0008,0.040466,True,-0.0567,-0.0013,-0.0281,0.047222,Muy débil / ruido,Negativa,0.029
bienestar_psicologico,attr_red_pct,-0.029,0.0008,0.04016,True,-0.0567,-0.0013,-0.0296,0.036238,Muy débil / ruido,Negativa,0.029
sacrificio_salud,attr_suerte_pct,0.029,0.0008,0.040343,True,0.0013,0.0567,0.0277,0.050314,Muy débil / ruido,Positiva,0.029
divorcios_num,sueno_horas_noche,-0.0289,0.0008,0.041349,True,-0.0565,-0.0011,-0.0271,0.055695,Muy débil / ruido,Negativa,0.0289
sacrificio_amor_pareja,attr_disciplina_pct,-0.0275,0.0008,0.051834,False,-0.0552,0.0002,-0.0329,0.02014,Muy débil / ruido,Negativa,0.0275
satisfaccion_vida,attr_capital_inicial_pct,0.0274,0.0008,0.052815,False,-0.0003,0.0551,0.0273,0.053952,Muy débil / ruido,Positiva,0.0274
score_red_contactos,satisfaccion_vida,-0.0269,0.0007,0.057126,False,-0.0546,0.0008,-0.0282,0.046096,Muy débil / ruido,Negativa,0.0269
sacrificio_sueno,ejercicio_dias_sem,0.0266,0.0007,0.059785,False,-0.0011,0.0543,0.0223,0.115078,Muy débil / ruido,Positiva,0.0266
capital_inicial_usd,score_disciplina,-0.0263,0.0007,0.062648,False,-0.054,0.0014,-0.0256,0.070666,Muy débil / ruido,Negativa,0.0263
sacrificio_ocio_hobbies,attr_trabajo_duro_pct,-0.0261,0.0007,0.064535,False,-0.0538,0.0016,-0.0273,0.05385,Muy débil / ruido,Negativa,0.0261
sacrificio_salud,divorcios_num,0.0261,0.0007,0.064693,False,-0.0016,0.0538,0.0191,0.17624,Muy débil / ruido,Positiva,0.0261
score_red_contactos,attr_oportunidad_pct,-0.0261,0.0007,0.064494,False,-0.0538,0.0016,-0.0229,0.105475,Muy débil / ruido,Negativa,0.0261
anos_trayectoria_total,sacrificio_total,0.026,0.0007,0.065499,False,-0.0017,0.0537,0.0237,0.093976,Muy débil / ruido,Positiva,0.026
score_vision,attr_oportunidad_pct,-0.026,0.0007,0.065988,False,-0.0537,0.0017,-0.0222,0.116247,Muy débil / ruido,Negativa,0.026
sacrificio_sueno,attr_oportunidad_pct,0.0259,0.0007,0.067249,False,-0.0018,0.0536,0.0287,0.042748,Muy débil / ruido,Positiva,0.0259
anos_trayectoria_total,sacrificio_ocio_hobbies,0.0258,0.0007,0.068574,False,-0.002,0.0534,0.019,0.178889,Muy débil / ruido,Positiva,0.0258
horas_sem_pico,attr_disciplina_pct,-0.0255,0.0007,0.070853,False,-0.0532,0.0022,-0.0363,0.010257,Muy débil / ruido,Negativa,0.0255
sacrificio_total,attr_red_pct,0.0253,0.0006,0.073837,False,-0.0024,0.053,0.0279,0.048547,Muy débil / ruido,Positiva,0.0253
anos_primer_millon,sacrificio_familia,0.0253,0.0006,0.073616,False,-0.0024,0.053,0.0235,0.095965,Muy débil / ruido,Positiva,0.0253
anos_primer_millon,divorcios_num,-0.0249,0.0006,0.078701,False,-0.0526,0.0029,-0.0272,0.054234,Muy débil / ruido,Negativa,0.0249
sacrificio_salud,score_conocimiento,-0.0243,0.0006,0.085226,False,-0.052,0.0034,-0.0208,0.141662,Muy débil / ruido,Negativa,0.0243
capital_inicial_usd,score_conocimiento,0.0243,0.0006,0.085564,False,-0.0034,0.052,0.0252,0.075295,Muy débil / ruido,Positiva,0.0243
roi_anualizado_pct,score_resiliencia,0.0234,0.0005,0.097665,False,-0.0043,0.0511,0.0251,0.075753,Muy débil / ruido,Positiva,0.0234
capital_inicial_usd,hijos_num,-0.0233,0.0005,0.099841,False,-0.051,0.0044,-0.0134,0.343729,Muy débil / ruido,Negativa,0.0233
sacrificio_amor_pareja,attr_vision_pct,0.0231,0.0005,0.101742,False,-0.0046,0.0508,0.0235,0.097069,Muy débil / ruido,Positiva,0.0231
sacrificio_total,attr_vision_pct,0.0229,0.0005,0.105244,False,-0.0048,0.0506,0.0236,0.094625,Muy débil / ruido,Positiva,0.0229
sacrificio_salud,attr_capital_inicial_pct,-0.0227,0.0005,0.108319,False,-0.0504,0.005,-0.0183,0.196744,Muy débil / ruido,Negativa,0.0227
score_conocimiento,attr_suerte_pct,0.0227,0.0005,0.109086,False,-0.0051,0.0504,0.0217,0.124761,Muy débil / ruido,Positiva,0.0227
hijos_num,attr_red_pct,0.0223,0.0005,0.115599,False,-0.0055,0.0499,0.0149,0.291917,Muy débil / ruido,Positiva,0.0223
sacrificio_salud,score_exito,0.0223,0.0005,0.115167,False,-0.0054,0.05,0.029,0.040236,Muy débil / ruido,Positiva,0.0223
capital_inicial_usd,score_resiliencia,0.0222,0.0005,0.11701,False,-0.0056,0.0499,0.0149,0.293536,Muy débil / ruido,Positiva,0.0222
score_red_contactos,attr_conocimiento_pct,0.022,0.0005,0.120065,False,-0.0057,0.0497,0.0226,0.110567,Muy débil / ruido,Positiva,0.022
sacrificio_ocio_hobbies,attr_red_pct,0.0219,0.0005,0.121126,False,-0.0058,0.0496,0.0227,0.109099,Muy débil / ruido,Positiva,0.0219
score_disciplina,score_exito,0.0219,0.0005,0.122286,False,-0.0059,0.0495,0.0093,0.511748,Muy débil / ruido,Positiva,0.0219
anos_trayectoria_total,empleos_generados,-0.0216,0.0005,0.126354,False,-0.0493,0.0061,0.0001,0.995356,Muy débil / ruido,Negativa,0.0216
horas_sem_pico,attr_red_pct,0.0215,0.0005,0.128484,False,-0.0062,0.0492,0.0226,0.11027,Muy débil / ruido,Positiva,0.0215
sacrificio_amigos,score_exito,0.0214,0.0005,0.12975,False,-0.0063,0.0491,0.0169,0.232475,Muy débil / ruido,Positiva,0.0214
sacrificio_total,attr_suerte_pct,0.0213,0.0005,0.132751,False,-0.0065,0.049,0.0187,0.187047,Muy débil / ruido,Positiva,0.0213
edad_inicio,attr_conocimiento_pct,0.0212,0.0004,0.133708,False,-0.0065,0.0489,0.0209,0.13904,Muy débil / ruido,Positiva,0.0212
anos_trayectoria_total,attr_suerte_pct,0.0211,0.0004,0.135263,False,-0.0066,0.0488,0.0194,0.171059,Muy débil / ruido,Positiva,0.0211
divorcios_num,score_exito,-0.0209,0.0004,0.139765,False,-0.0486,0.0068,-0.0194,0.170911,Muy débil / ruido,Negativa,0.0209
roi_anualizado_pct,bienestar_psicologico,-0.0208,0.0004,0.141928,False,-0.0485,0.007,-0.0106,0.452322,Muy débil / ruido,Negativa,0.0208
anos_primer_millon,attr_red_pct,0.0208,0.0004,0.140803,False,-0.0069,0.0485,0.0189,0.182285,Muy débil / ruido,Positiva,0.0208
horas_sem_pico,attr_suerte_pct,0.0207,0.0004,0.143062,False,-0.007,0.0484,0.0169,0.231711,Muy débil / ruido,Positiva,0.0207
anos_trayectoria_total,divorcios_num,-0.0206,0.0004,0.144853,False,-0.0483,0.0071,-0.0152,0.282126,Muy débil / ruido,Negativa,0.0206
edad_inicio,sacrificio_amigos,-0.0205,0.0004,0.147325,False,-0.0482,0.0072,-0.0177,0.210431,Muy débil / ruido,Negativa,0.0205
score_vision,attr_trabajo_duro_pct,0.0204,0.0004,0.148954,False,-0.0073,0.0481,0.0216,0.126553,Muy débil / ruido,Positiva,0.0204
sacrificio_total,divorcios_num,0.0203,0.0004,0.151348,False,-0.0074,0.048,0.0203,0.151195,Muy débil / ruido,Positiva,0.0203
score_conocimiento,sueno_horas_noche,-0.0202,0.0004,0.152946,False,-0.0479,0.0075,-0.0089,0.527923,Muy débil / ruido,Negativa,0.0202
ejercicio_dias_sem,attr_suerte_pct,-0.0199,0.0004,0.159455,False,-0.0476,0.0078,-0.011,0.43496,Muy débil / ruido,Negativa,0.0199
score_disciplina,divorcios_num,-0.0199,0.0004,0.159743,False,-0.0476,0.0078,-0.026,0.06616,Muy débil / ruido,Negativa,0.0199
empleos_generados,attr_vision_pct,0.0198,0.0004,0.161782,False,-0.0079,0.0475,0.0203,0.150781,Muy débil / ruido,Positiva,0.0198
score_resiliencia,divorcios_num,0.0197,0.0004,0.164481,False,-0.0081,0.0474,0.0165,0.244322,Muy débil / ruido,Positiva,0.0197
score_resiliencia,score_exito,0.0195,0.0004,0.167621,False,-0.0082,0.0472,0.0159,0.259584,Muy débil / ruido,Positiva,0.0195
capital_inicial_usd,attr_red_pct,0.0194,0.0004,0.171185,False,-0.0084,0.047,0.0227,0.108604,Muy débil / ruido,Positiva,0.0194
anos_primer_millon,score_conocimiento,0.0193,0.0004,0.172021,False,-0.0084,0.047,0.023,0.103744,Muy débil / ruido,Positiva,0.0193
edad_inicio,score_disciplina,-0.0192,0.0004,0.175143,False,-0.0469,0.0085,-0.0204,0.149947,Muy débil / ruido,Negativa,0.0192
ejercicio_dias_sem,attr_conocimiento_pct,0.0192,0.0004,0.175559,False,-0.0086,0.0469,0.0143,0.31076,Muy débil / ruido,Positiva,0.0192
sacrificio_ocio_hobbies,score_disciplina,-0.0192,0.0004,0.175657,False,-0.0468,0.0086,-0.016,0.259148,Muy débil / ruido,Negativa,0.0192
bienestar_psicologico,attr_vision_pct,-0.0191,0.0004,0.176113,False,-0.0468,0.0086,-0.0177,0.210963,Muy débil / ruido,Negativa,0.0191
satisfaccion_vida,attr_suerte_pct,-0.019,0.0004,0.178851,False,-0.0467,0.0087,-0.0158,0.262629,Muy débil / ruido,Negativa,0.019
hijos_num,attr_trabajo_duro_pct,-0.019,0.0004,0.179869,False,-0.0467,0.0088,-0.0133,0.346212,Muy débil / ruido,Negativa,0.019
horas_sem_pico,attr_vision_pct,0.0189,0.0004,0.180619,False,-0.0088,0.0466,0.0227,0.108446,Muy débil / ruido,Positiva,0.0189
sueno_horas_noche,empleos_generados,0.0189,0.0004,0.180394,False,-0.0088,0.0466,0.0081,0.567365,Muy débil / ruido,Positiva,0.0189
sacrificio_ocio_hobbies,attr_suerte_pct,0.0188,0.0004,0.182889,False,-0.0089,0.0465,0.0161,0.255172,Muy débil / ruido,Positiva,0.0188
anos_primer_millon,attr_conocimiento_pct,-0.0187,0.0004,0.18535,False,-0.0464,0.009,-0.0267,0.059122,Muy débil / ruido,Negativa,0.0187
sueno_horas_noche,attr_conocimiento_pct,0.0187,0.0003,0.186132,False,-0.009,0.0464,0.016,0.257497,Muy débil / ruido,Positiva,0.0187
capital_inicial_usd,sueno_horas_noche,0.0186,0.0003,0.188315,False,-0.0091,0.0463,0.0129,0.362151,Muy débil / ruido,Positiva,0.0186
divorcios_num,attr_vision_pct,0.0185,0.0003,0.190485,False,-0.0092,0.0462,0.0139,0.326864,Muy débil / ruido,Positiva,0.0185
attr_vision_pct,attr_suerte_pct,-0.0185,0.0003,0.18989,False,-0.0462,0.0092,-0.0246,0.081816,Muy débil / ruido,Negativa,0.0185
anos_trayectoria_total,sacrificio_salud,0.0184,0.0003,0.193479,False,-0.0093,0.0461,0.0208,0.141828,Muy débil / ruido,Positiva,0.0184
sueno_horas_noche,attr_trabajo_duro_pct,-0.0183,0.0003,0.195817,False,-0.046,0.0094,-0.0182,0.19735,Muy débil / ruido,Negativa,0.0183
sacrificio_familia,attr_red_pct,0.0183,0.0003,0.196959,False,-0.0095,0.0459,0.0204,0.149613,Muy débil / ruido,Positiva,0.0183
score_resiliencia,attr_vision_pct,-0.018,0.0003,0.204408,False,-0.0456,0.0098,-0.0157,0.266027,Muy débil / ruido,Negativa,0.018
sacrificio_familia,score_conocimiento,-0.0179,0.0003,0.206555,False,-0.0456,0.0099,-0.013,0.356903,Muy débil / ruido,Negativa,0.0179
sacrificio_amor_pareja,sueno_horas_noche,0.0178,0.0003,0.207135,False,-0.0099,0.0455,0.021,0.137101,Muy débil / ruido,Positiva,0.0178
anos_trayectoria_total,score_resiliencia,-0.0176,0.0003,0.213488,False,-0.0453,0.0101,-0.0186,0.188762,Muy débil / ruido,Negativa,0.0176
score_disciplina,attr_trabajo_duro_pct,0.0176,0.0003,0.213178,False,-0.0101,0.0453,0.0125,0.376183,Muy débil / ruido,Positiva,0.0176
sacrificio_familia,attr_suerte_pct,0.0175,0.0003,0.216625,False,-0.0102,0.0452,0.0094,0.507788,Muy débil / ruido,Positiva,0.0175
patrimonio_m_usd,sacrificio_sueno,-0.0175,0.0003,0.216479,False,-0.0452,0.0102,0.0068,0.630087,Muy débil / ruido,Negativa,0.0175
sacrificio_ocio_hobbies,score_exito,0.0174,0.0003,0.21839,False,-0.0103,0.0451,0.013,0.358519,Muy débil / ruido,Positiva,0.0174
edad_inicio,capital_inicial_usd,0.0174,0.0003,0.219189,False,-0.0103,0.0451,0.025,0.076992,Muy débil / ruido,Positiva,0.0174
sacrificio_amor_pareja,divorcios_num,0.0174,0.0003,0.217728,False,-0.0103,0.0451,0.0176,0.212124,Muy débil / ruido,Positiva,0.0174
sacrificio_amigos,score_disciplina,-0.0173,0.0003,0.221744,False,-0.045,0.0104,-0.0181,0.199665,Muy débil / ruido,Negativa,0.0173
horas_sem_pico,divorcios_num,0.0172,0.0003,0.223697,False,-0.0105,0.0449,0.0124,0.379554,Muy débil / ruido,Positiva,0.0172
edad_inicio,attr_oportunidad_pct,-0.017,0.0003,0.228229,False,-0.0447,0.0107,-0.0187,0.186319,Muy débil / ruido,Negativa,0.017
score_red_contactos,attr_red_pct,0.017,0.0003,0.22967,False,-0.0107,0.0447,0.0209,0.13867,Muy débil / ruido,Positiva,0.017
bienestar_psicologico,attr_disciplina_pct,0.017,0.0003,0.228346,False,-0.0107,0.0447,0.0252,0.074355,Muy débil / ruido,Positiva,0.017
sacrificio_sueno,attr_suerte_pct,0.017,0.0003,0.229278,False,-0.0107,0.0447,0.009,0.526723,Muy débil / ruido,Positiva,0.017
divorcios_num,bienestar_psicologico,-0.0168,0.0003,0.235473,False,-0.0445,0.0109,-0.0155,0.272365,Muy débil / ruido,Negativa,0.0168
edad_inicio,empleos_generados,-0.0168,0.0003,0.235558,False,-0.0445,0.0109,0.016,0.258597,Muy débil / ruido,Negativa,0.0168
anos_primer_millon,hijos_num,0.0167,0.0003,0.237732,False,-0.011,0.0444,0.0188,0.182817,Muy débil / ruido,Positiva,0.0167
sacrificio_sueno,empleos_generados,0.0166,0.0003,0.241753,False,-0.0112,0.0443,0.0184,0.193262,Muy débil / ruido,Positiva,0.0166
score_red_contactos,attr_disciplina_pct,-0.0166,0.0003,0.24018,False,-0.0443,0.0111,-0.0119,0.398672,Muy débil / ruido,Negativa,0.0166
sacrificio_amigos,divorcios_num,0.0166,0.0003,0.241431,False,-0.0112,0.0443,0.0207,0.14375,Muy débil / ruido,Positiva,0.0166
score_exito,attr_oportunidad_pct,-0.0165,0.0003,0.243615,False,-0.0442,0.0112,-0.0098,0.488652,Muy débil / ruido,Negativa,0.0165
anos_trayectoria_total,sacrificio_amigos,0.0165,0.0003,0.242398,False,-0.0112,0.0442,0.0107,0.451137,Muy débil / ruido,Positiva,0.0165
edad_inicio,sacrificio_ocio_hobbies,-0.0165,0.0003,0.242874,False,-0.0442,0.0112,-0.0086,0.542878,Muy débil / ruido,Negativa,0.0165
horas_sem_pico,attr_conocimiento_pct,-0.0165,0.0003,0.241992,False,-0.0442,0.0112,-0.012,0.394591,Muy débil / ruido,Negativa,0.0165
anos_primer_millon,sacrificio_salud,0.0164,0.0003,0.247664,False,-0.0114,0.0441,0.0173,0.221179,Muy débil / ruido,Positiva,0.0164
score_vision,sueno_horas_noche,-0.0164,0.0003,0.247584,False,-0.0441,0.0114,-0.0232,0.100991,Muy débil / ruido,Negativa,0.0164
score_conocimiento,score_resiliencia,-0.0162,0.0003,0.251278,False,-0.0439,0.0115,-0.0148,0.29546,Muy débil / ruido,Negativa,0.0162
anos_trayectoria_total,bienestar_psicologico,-0.0162,0.0003,0.252231,False,-0.0439,0.0115,-0.0168,0.234452,Muy débil / ruido,Negativa,0.0162
edad_inicio,sacrificio_salud,-0.0162,0.0003,0.251025,False,-0.0439,0.0115,-0.0102,0.469294,Muy débil / ruido,Negativa,0.0162
patrimonio_m_usd,bienestar_psicologico,-0.0162,0.0003,0.252581,False,-0.0439,0.0115,-0.0272,0.05482,Muy débil / ruido,Negativa,0.0162
sacrificio_salud,empleos_generados,0.0161,0.0003,0.256247,False,-0.0117,0.0438,0.0203,0.150886,Muy débil / ruido,Positiva,0.0161
satisfaccion_vida,attr_disciplina_pct,0.016,0.0003,0.259272,False,-0.0118,0.0437,0.0088,0.533217,Muy débil / ruido,Positiva,0.016
score_disciplina,attr_capital_inicial_pct,0.0159,0.0003,0.261992,False,-0.0119,0.0436,0.0177,0.209922,Muy débil / ruido,Positiva,0.0159
horas_sem_pico,score_exito,0.0158,0.0003,0.263354,False,-0.0119,0.0435,0.0178,0.20741,Muy débil / ruido,Positiva,0.0158
score_disciplina,empleos_generados,-0.0157,0.0002,0.265535,False,-0.0434,0.012,-0.0126,0.371852,Muy débil / ruido,Negativa,0.0157
patrimonio_m_usd,sacrificio_salud,-0.0156,0.0002,0.270095,False,-0.0433,0.0121,0.0238,0.091893,Muy débil / ruido,Negativa,0.0156
roi_anualizado_pct,sacrificio_sueno,0.0155,0.0002,0.271779,False,-0.0122,0.0432,0.0095,0.501544,Muy débil / ruido,Positiva,0.0155
score_conocimiento,attr_vision_pct,-0.0154,0.0002,0.276507,False,-0.0431,0.0123,-0.0173,0.221565,Muy débil / ruido,Negativa,0.0154
sacrificio_amor_pareja,empleos_generados,-0.0154,0.0002,0.275306,False,-0.0431,0.0123,0.0174,0.217843,Muy débil / ruido,Negativa,0.0154
sacrificio_total,attr_conocimiento_pct,-0.0153,0.0002,0.280831,False,-0.043,0.0125,-0.0109,0.442253,Muy débil / ruido,Negativa,0.0153
sacrificio_salud,attr_disciplina_pct,-0.0153,0.0002,0.279024,False,-0.043,0.0124,-0.0159,0.26166,Muy débil / ruido,Negativa,0.0153
score_exito,attr_trabajo_duro_pct,0.0153,0.0002,0.278094,False,-0.0124,0.043,0.0175,0.215446,Muy débil / ruido,Positiva,0.0153
roi_anualizado_pct,attr_conocimiento_pct,0.0152,0.0002,0.284,False,-0.0126,0.0429,0.0184,0.194128,Muy débil / ruido,Positiva,0.0152
score_resiliencia,attr_suerte_pct,-0.0152,0.0002,0.282555,False,-0.0429,0.0125,-0.0124,0.379689,Muy débil / ruido,Negativa,0.0152
anos_primer_millon,score_resiliencia,-0.015,0.0002,0.29009,False,-0.0427,0.0128,-0.0144,0.309262,Muy débil / ruido,Negativa,0.015
satisfaccion_vida,attr_red_pct,-0.0149,0.0002,0.293345,False,-0.0426,0.0129,-0.0082,0.562914,Muy débil / ruido,Negativa,0.0149
sacrificio_familia,attr_capital_inicial_pct,0.0148,0.0002,0.29638,False,-0.013,0.0425,0.0149,0.29321,Muy débil / ruido,Positiva,0.0148
anos_trayectoria_total,sacrificio_sueno,-0.0148,0.0002,0.296873,False,-0.0425,0.013,-0.0145,0.303931,Muy débil / ruido,Negativa,0.0148
sacrificio_familia,score_red_contactos,0.0148,0.0002,0.294596,False,-0.0129,0.0425,0.0125,0.375731,Muy débil / ruido,Positiva,0.0148
hijos_num,empleos_generados,-0.0147,0.0002,0.297177,False,-0.0424,0.013,0.0004,0.974973,Muy débil / ruido,Negativa,0.0147
edad_inicio,score_resiliencia,0.0146,0.0002,0.301473,False,-0.0131,0.0423,0.0098,0.487513,Muy débil / ruido,Positiva,0.0146
sacrificio_sueno,attr_red_pct,0.0146,0.0002,0.300894,False,-0.0131,0.0423,0.009,0.526138,Muy débil / ruido,Positiva,0.0146
sacrificio_total,ejercicio_dias_sem,0.0145,0.0002,0.306855,False,-0.0133,0.0422,0.012,0.395022,Muy débil / ruido,Positiva,0.0145
horas_sem_pico,ejercicio_dias_sem,0.0144,0.0002,0.307377,False,-0.0133,0.0421,0.014,0.321999,Muy débil / ruido,Positiva,0.0144
satisfaccion_vida,attr_oportunidad_pct,-0.0143,0.0002,0.310953,False,-0.042,0.0134,-0.0089,0.527045,Muy débil / ruido,Negativa,0.0143
horas_sem_pico,score_vision,-0.0142,0.0002,0.314978,False,-0.0419,0.0135,-0.0158,0.264523,Muy débil / ruido,Negativa,0.0142
anos_trayectoria_total,sacrificio_amor_pareja,0.0142,0.0002,0.315697,False,-0.0135,0.0419,0.0117,0.409115,Muy débil / ruido,Positiva,0.0142
anos_primer_millon,roi_anualizado_pct,0.0141,0.0002,0.317595,False,-0.0136,0.0418,0.0176,0.212595,Muy débil / ruido,Positiva,0.0141
sacrificio_familia,ejercicio_dias_sem,0.014,0.0002,0.32064,False,-0.0137,0.0418,0.0159,0.261887,Muy débil / ruido,Positiva,0.014
score_resiliencia,attr_disciplina_pct,0.014,0.0002,0.322375,False,-0.0137,0.0417,0.0142,0.314791,Muy débil / ruido,Positiva,0.014
patrimonio_m_usd,hijos_num,0.014,0.0002,0.321039,False,-0.0137,0.0417,0.0041,0.772433,Muy débil / ruido,Positiva,0.014
edad_inicio,score_exito,-0.0139,0.0002,0.326563,False,-0.0416,0.0138,-0.0182,0.197484,Muy débil / ruido,Negativa,0.0139
edad_inicio,ejercicio_dias_sem,-0.0139,0.0002,0.326021,False,-0.0416,0.0138,-0.0127,0.371103,Muy débil / ruido,Negativa,0.0139
roi_anualizado_pct,score_disciplina,0.0139,0.0002,0.325507,False,-0.0138,0.0416,0.0119,0.401533,Muy débil / ruido,Positiva,0.0139
hijos_num,ejercicio_dias_sem,-0.0138,0.0002,0.330236,False,-0.0415,0.014,-0.0112,0.427993,Muy débil / ruido,Negativa,0.0138
anos_primer_millon,attr_vision_pct,-0.0138,0.0002,0.328217,False,-0.0415,0.0139,-0.0115,0.415594,Muy débil / ruido,Negativa,0.0138
score_resiliencia,attr_trabajo_duro_pct,0.0137,0.0002,0.331403,False,-0.014,0.0414,0.0118,0.402251,Muy débil / ruido,Positiva,0.0137
sacrificio_sueno,score_exito,0.0136,0.0002,0.335134,False,-0.0141,0.0413,0.015,0.287697,Muy débil / ruido,Positiva,0.0136
anos_primer_millon,attr_trabajo_duro_pct,0.0135,0.0002,0.339138,False,-0.0142,0.0412,0.0195,0.168014,Muy débil / ruido,Positiva,0.0135
score_disciplina,attr_disciplina_pct,-0.0135,0.0002,0.33887,False,-0.0412,0.0142,-0.0084,0.552504,Muy débil / ruido,Negativa,0.0135
capital_inicial_usd,empleos_generados,0.0133,0.0002,0.345676,False,-0.0144,0.041,-0.0188,0.182769,Muy débil / ruido,Positiva,0.0133
score_red_contactos,ejercicio_dias_sem,0.0133,0.0002,0.348096,False,-0.0145,0.041,0.0115,0.416811,Muy débil / ruido,Positiva,0.0133
score_vision,attr_disciplina_pct,0.0132,0.0002,0.350212,False,-0.0145,0.0409,0.0119,0.400318,Muy débil / ruido,Positiva,0.0132
sueno_horas_noche,attr_oportunidad_pct,0.0132,0.0002,0.351678,False,-0.0146,0.0409,0.0098,0.487364,Muy débil / ruido,Positiva,0.0132
sacrificio_sueno,attr_vision_pct,0.0131,0.0002,0.355865,False,-0.0147,0.0408,0.0128,0.364548,Muy débil / ruido,Positiva,0.0131
roi_anualizado_pct,attr_trabajo_duro_pct,0.0131,0.0002,0.354576,False,-0.0146,0.0408,0.0189,0.180428,Muy débil / ruido,Positiva,0.0131
sacrificio_familia,score_resiliencia,-0.0131,0.0002,0.355932,False,-0.0408,0.0147,-0.0147,0.298644,Muy débil / ruido,Negativa,0.0131
sacrificio_amigos,empleos_generados,0.0129,0.0002,0.361491,False,-0.0148,0.0406,0.0174,0.219209,Muy débil / ruido,Positiva,0.0129
empleos_generados,attr_trabajo_duro_pct,-0.0129,0.0002,0.360518,False,-0.0406,0.0148,-0.0068,0.629659,Muy débil / ruido,Negativa,0.0129
sacrificio_ocio_hobbies,divorcios_num,0.0128,0.0002,0.363975,False,-0.0149,0.0405,0.009,0.522524,Muy débil / ruido,Positiva,0.0128
patrimonio_m_usd,score_vision,-0.0128,0.0002,0.365843,False,-0.0405,0.0149,0.0105,0.458752,Muy débil / ruido,Negativa,0.0128
anos_trayectoria_total,attr_red_pct,0.0127,0.0002,0.369748,False,-0.015,0.0404,0.0141,0.318137,Muy débil / ruido,Positiva,0.0127
anos_trayectoria_total,score_disciplina,0.0127,0.0002,0.36747,False,-0.015,0.0405,0.014,0.321039,Muy débil / ruido,Positiva,0.0127
roi_anualizado_pct,attr_vision_pct,-0.0127,0.0002,0.370158,False,-0.0404,0.015,-0.0064,0.652321,Muy débil / ruido,Negativa,0.0127
score_resiliencia,ejercicio_dias_sem,-0.0127,0.0002,0.371046,False,-0.0404,0.0151,-0.0163,0.247741,Muy débil / ruido,Negativa,0.0127
roi_anualizado_pct,sacrificio_total,0.0126,0.0002,0.37437,False,-0.0152,0.0403,0.0055,0.699137,Muy débil / ruido,Positiva,0.0126
hijos_num,attr_capital_inicial_pct,-0.0126,0.0002,0.37179,False,-0.0403,0.0151,-0.0156,0.270677,Muy débil / ruido,Negativa,0.0126
capital_inicial_usd,attr_capital_inicial_pct,0.0126,0.0002,0.374266,False,-0.0152,0.0403,0.003,0.834362,Muy débil / ruido,Positiva,0.0126
roi_anualizado_pct,ejercicio_dias_sem,-0.0126,0.0002,0.373358,False,-0.0403,0.0151,-0.0128,0.364618,Muy débil / ruido,Negativa,0.0126
capital_inicial_usd,attr_vision_pct,-0.0124,0.0002,0.380291,False,-0.0401,0.0153,-0.0113,0.422639,Muy débil / ruido,Negativa,0.0124
score_vision,attr_capital_inicial_pct,-0.0124,0.0002,0.382473,False,-0.0401,0.0154,-0.0114,0.418758,Muy débil / ruido,Negativa,0.0124
sueno_horas_noche,attr_suerte_pct,-0.0123,0.0002,0.385223,False,-0.04,0.0154,-0.0068,0.630708,Muy débil / ruido,Negativa,0.0123
score_red_contactos,sueno_horas_noche,-0.0123,0.0002,0.38555,False,-0.04,0.0155,-0.0159,0.262065,Muy débil / ruido,Negativa,0.0123
patrimonio_m_usd,sueno_horas_noche,0.0123,0.0002,0.385929,False,-0.0155,0.04,-0.0035,0.805852,Muy débil / ruido,Positiva,0.0123
roi_anualizado_pct,score_conocimiento,-0.0121,0.0001,0.394129,False,-0.0398,0.0157,-0.0139,0.324671,Muy débil / ruido,Negativa,0.0121
score_vision,ejercicio_dias_sem,-0.012,0.0001,0.396422,False,-0.0397,0.0157,-0.0132,0.350345,Muy débil / ruido,Negativa,0.012
capital_inicial_usd,sacrificio_familia,0.012,0.0001,0.395024,False,-0.0157,0.0397,0.0283,0.045089,Muy débil / ruido,Positiva,0.012
roi_anualizado_pct,score_vision,0.012,0.0001,0.3962,False,-0.0157,0.0397,0.0156,0.270963,Muy débil / ruido,Positiva,0.012
edad_inicio,attr_suerte_pct,-0.0119,0.0001,0.398965,False,-0.0396,0.0158,-0.0136,0.336486,Muy débil / ruido,Negativa,0.0119
sacrificio_sueno,attr_capital_inicial_pct,-0.0118,0.0001,0.403106,False,-0.0395,0.0159,-0.0089,0.530399,Muy débil / ruido,Negativa,0.0118
hijos_num,satisfaccion_vida,-0.0118,0.0001,0.402525,False,-0.0395,0.0159,-0.0058,0.683718,Muy débil / ruido,Negativa,0.0118
capital_inicial_usd,score_vision,0.0118,0.0001,0.404624,False,-0.0159,0.0395,0.014,0.321582,Muy débil / ruido,Positiva,0.0118
sacrificio_salud,attr_red_pct,0.0118,0.0001,0.403395,False,-0.0159,0.0395,0.0171,0.227161,Muy débil / ruido,Positiva,0.0118
sacrificio_amor_pareja,ejercicio_dias_sem,0.0117,0.0001,0.409754,False,-0.0161,0.0394,0.0121,0.392523,Muy débil / ruido,Positiva,0.0117
attr_suerte_pct,attr_capital_inicial_pct,0.0116,0.0001,0.411117,False,-0.0161,0.0393,0.0039,0.780569,Muy débil / ruido,Positiva,0.0116
divorcios_num,attr_capital_inicial_pct,-0.0116,0.0001,0.41059,False,-0.0393,0.0161,-0.0083,0.557925,Muy débil / ruido,Negativa,0.0116
score_disciplina,attr_red_pct,-0.0115,0.0001,0.415518,False,-0.0392,0.0162,-0.0144,0.309304,Muy débil / ruido,Negativa,0.0115
ejercicio_dias_sem,attr_red_pct,-0.0115,0.0001,0.414486,False,-0.0393,0.0162,-0.0117,0.409149,Muy débil / ruido,Negativa,0.0115
sacrificio_ocio_hobbies,attr_conocimiento_pct,-0.0114,0.0001,0.421154,False,-0.0391,0.0163,-0.0097,0.493741,Muy débil / ruido,Negativa,0.0114
roi_anualizado_pct,attr_suerte_pct,-0.0114,0.0001,0.422033,False,-0.0391,0.0164,-0.0116,0.410217,Muy débil / ruido,Negativa,0.0114
anos_primer_millon,satisfaccion_vida,-0.0113,0.0001,0.426386,False,-0.039,0.0165,-0.0083,0.555283,Muy débil / ruido,Negativa,0.0113
sacrificio_ocio_hobbies,attr_oportunidad_pct,0.0113,0.0001,0.426264,False,-0.0165,0.039,0.0074,0.600244,Muy débil / ruido,Positiva,0.0113
patrimonio_m_usd,attr_capital_inicial_pct,-0.0113,0.0001,0.425701,False,-0.039,0.0165,-0.0008,0.954335,Muy débil / ruido,Negativa,0.0113
bienestar_psicologico,attr_suerte_pct,-0.0112,0.0001,0.427524,False,-0.0389,0.0165,-0.0049,0.729568,Muy débil / ruido,Negativa,0.0112
sacrificio_amigos,sueno_horas_noche,-0.0111,0.0001,0.431771,False,-0.0388,0.0166,-0.0181,0.201445,Muy débil / ruido,Negativa,0.0111
anos_primer_millon,empleos_generados,-0.0111,0.0001,0.431307,False,-0.0388,0.0166,0.002,0.885195,Muy débil / ruido,Negativa,0.0111
edad_inicio,attr_vision_pct,0.0111,0.0001,0.432579,False,-0.0166,0.0388,0.0123,0.382649,Muy débil / ruido,Positiva,0.0111
edad_inicio,sueno_horas_noche,-0.0109,0.0001,0.441502,False,-0.0386,0.0168,-0.0092,0.51588,Muy débil / ruido,Negativa,0.0109
sacrificio_salud,attr_conocimiento_pct,-0.0109,0.0001,0.442017,False,-0.0386,0.0169,-0.0099,0.485811,Muy débil / ruido,Negativa,0.0109
empleos_generados,bienestar_psicologico,-0.0109,0.0001,0.440623,False,-0.0386,0.0168,-0.0235,0.097189,Muy débil / ruido,Negativa,0.0109
capital_inicial_usd,sacrificio_amigos,0.0109,0.0001,0.43929,False,-0.0168,0.0386,0.0136,0.336253,Muy débil / ruido,Positiva,0.0109
score_disciplina,sueno_horas_noche,-0.0109,0.0001,0.440197,False,-0.0386,0.0168,-0.0086,0.543198,Muy débil / ruido,Negativa,0.0109
score_disciplina,ejercicio_dias_sem,0.0109,0.0001,0.439275,False,-0.0168,0.0386,0.0119,0.398753,Muy débil / ruido,Positiva,0.0109
capital_inicial_usd,attr_oportunidad_pct,-0.0108,0.0001,0.443965,False,-0.0385,0.0169,-0.0064,0.651567,Muy débil / ruido,Negativa,0.0108
satisfaccion_vida,attr_trabajo_duro_pct,0.0108,0.0001,0.446423,False,-0.017,0.0385,0.0089,0.529312,Muy débil / ruido,Positiva,0.0108
score_red_contactos,divorcios_num,0.0108,0.0001,0.444226,False,-0.0169,0.0385,0.0155,0.274577,Muy débil / ruido,Positiva,0.0108
hijos_num,sueno_horas_noche,-0.0107,0.0001,0.45103,False,-0.0384,0.0171,-0.0112,0.427244,Muy débil / ruido,Negativa,0.0107
score_resiliencia,bienestar_psicologico,0.0107,0.0001,0.44911,False,-0.017,0.0384,0.015,0.290274,Muy débil / ruido,Positiva,0.0107
divorcios_num,attr_suerte_pct,-0.0106,0.0001,0.455002,False,-0.0383,0.0172,-0.0165,0.241985,Muy débil / ruido,Negativa,0.0106
sacrificio_amigos,score_red_contactos,0.0105,0.0001,0.458995,False,-0.0173,0.0382,0.0126,0.373223,Muy débil / ruido,Positiva,0.0105
score_red_contactos,hijos_num,0.0105,0.0001,0.457239,False,-0.0172,0.0382,0.0106,0.455344,Muy débil / ruido,Positiva,0.0105
score_vision,attr_vision_pct,-0.0105,0.0001,0.459437,False,-0.0382,0.0173,-0.0025,0.858032,Muy débil / ruido,Negativa,0.0105
edad_inicio,anos_trayectoria_total,-0.0105,0.0001,0.458241,False,-0.0382,0.0172,-0.0041,0.774423,Muy débil / ruido,Negativa,0.0105
sacrificio_amigos,score_vision,-0.0105,0.0001,0.459215,False,-0.0382,0.0173,-0.0119,0.402036,Muy débil / ruido,Negativa,0.0105
sacrificio_total,score_red_contactos,0.0103,0.0001,0.465795,False,-0.0174,0.038,0.006,0.669232,Muy débil / ruido,Positiva,0.0103
sacrificio_ocio_hobbies,score_conocimiento,0.0103,0.0001,0.467822,False,-0.0175,0.038,0.0086,0.544709,Muy débil / ruido,Positiva,0.0103
anos_trayectoria_total,attr_disciplina_pct,-0.0102,0.0001,0.471634,False,-0.0379,0.0175,-0.0104,0.463989,Muy débil / ruido,Negativa,0.0102
score_resiliencia,attr_conocimiento_pct,-0.0101,0.0001,0.476087,False,-0.0378,0.0176,-0.0038,0.78769,Muy débil / ruido,Negativa,0.0101
sueno_horas_noche,attr_capital_inicial_pct,-0.0101,0.0001,0.476636,False,-0.0378,0.0177,-0.0123,0.384059,Muy débil / ruido,Negativa,0.0101
sacrificio_total,score_disciplina,-0.0101,0.0001,0.475532,False,-0.0378,0.0176,-0.0048,0.73574,Muy débil / ruido,Negativa,0.0101
attr_vision_pct,attr_capital_inicial_pct,-0.01,0.0001,0.480185,False,-0.0377,0.0177,-0.0079,0.578908,Muy débil / ruido,Negativa,0.01
sacrificio_sueno,attr_conocimiento_pct,-0.0099,0.0001,0.484314,False,-0.0376,0.0178,-0.0033,0.817196,Muy débil / ruido,Negativa,0.0099
sacrificio_ocio_hobbies,empleos_generados,0.0099,0.0001,0.483317,False,-0.0178,0.0376,0.0035,0.802314,Muy débil / ruido,Positiva,0.0099
edad_inicio,sacrificio_total,-0.0099,0.0001,0.483169,False,-0.0376,0.0178,-0.0093,0.510861,Muy débil / ruido,Negativa,0.0099
score_conocimiento,attr_conocimiento_pct,-0.0098,0.0001,0.489579,False,-0.0375,0.018,-0.0161,0.253631,Muy débil / ruido,Negativa,0.0098
anos_primer_millon,bienestar_psicologico,-0.0098,0.0001,0.48907,False,-0.0375,0.0179,-0.0132,0.351286,Muy débil / ruido,Negativa,0.0098
sacrificio_amigos,attr_capital_inicial_pct,0.0096,0.0001,0.495241,False,-0.0181,0.0374,0.0084,0.550921,Muy débil / ruido,Positiva,0.0096
score_disciplina,attr_conocimiento_pct,0.0096,0.0001,0.49568,False,-0.0181,0.0373,0.0176,0.213915,Muy débil / ruido,Positiva,0.0096
anos_primer_millon,sueno_horas_noche,0.0095,0.0001,0.500563,False,-0.0182,0.0372,0.0095,0.500924,Muy débil / ruido,Positiva,0.0095
patrimonio_m_usd,sacrificio_amigos,0.0095,0.0001,0.503582,False,-0.0183,0.0372,0.0129,0.361688,Muy débil / ruido,Positiva,0.0095
patrimonio_m_usd,ejercicio_dias_sem,0.0095,0.0001,0.500452,False,-0.0182,0.0372,-0.0003,0.985818,Muy débil / ruido,Positiva,0.0095
capital_inicial_usd,sacrificio_amor_pareja,-0.0095,0.0001,0.502379,False,-0.0372,0.0182,0.0053,0.705745,Muy débil / ruido,Negativa,0.0095
horas_sem_pico,hijos_num,0.0094,0.0001,0.506516,False,-0.0183,0.0371,0.006,0.672195,Muy débil / ruido,Positiva,0.0094
roi_anualizado_pct,divorcios_num,-0.0094,0.0001,0.504529,False,-0.0372,0.0183,-0.0039,0.782529,Muy débil / ruido,Negativa,0.0094
anos_trayectoria_total,horas_sem_pico,0.0093,0.0001,0.512177,False,-0.0185,0.037,0.0089,0.529788,Muy débil / ruido,Positiva,0.0093
horas_sem_pico,sueno_horas_noche,-0.0093,0.0001,0.511018,False,-0.037,0.0184,-0.0175,0.216344,Muy débil / ruido,Negativa,0.0093
score_conocimiento,attr_trabajo_duro_pct,0.0092,0.0001,0.514716,False,-0.0185,0.0369,0.0146,0.301633,Muy débil / ruido,Positiva,0.0092
sacrificio_ocio_hobbies,attr_disciplina_pct,-0.0092,0.0001,0.513879,False,-0.0369,0.0185,-0.0107,0.45059,Muy débil / ruido,Negativa,0.0092
horas_sem_pico,empleos_generados,0.0092,0.0001,0.513272,False,-0.0185,0.037,0.0222,0.116386,Muy débil / ruido,Positiva,0.0092
sacrificio_amigos,attr_vision_pct,0.0092,0.0001,0.513472,False,-0.0185,0.037,0.0061,0.668204,Muy débil / ruido,Positiva,0.0092
score_vision,attr_conocimiento_pct,0.0091,0.0001,0.520242,False,-0.0186,0.0368,0.0118,0.403859,Muy débil / ruido,Positiva,0.0091
score_red_contactos,attr_trabajo_duro_pct,0.0091,0.0001,0.521092,False,-0.0186,0.0368,-0.0012,0.933894,Muy débil / ruido,Positiva,0.0091
sacrificio_salud,attr_vision_pct,0.0091,0.0001,0.520203,False,-0.0186,0.0368,0.0112,0.42674,Muy débil / ruido,Positiva,0.0091
horas_sem_pico,score_disciplina,-0.009,0.0001,0.525442,False,-0.0367,0.0187,-0.0057,0.688834,Muy débil / ruido,Negativa,0.009
anos_trayectoria_total,score_conocimiento,0.009,0.0001,0.524867,False,-0.0187,0.0367,0.0086,0.541818,Muy débil / ruido,Positiva,0.009
score_exito,attr_capital_inicial_pct,-0.0089,0.0001,0.53034,False,-0.0366,0.0188,-0.0102,0.469165,Muy débil / ruido,Negativa,0.0089
score_red_contactos,attr_capital_inicial_pct,0.0089,0.0001,0.529174,False,-0.0188,0.0366,0.0048,0.73277,Muy débil / ruido,Positiva,0.0089
score_conocimiento,ejercicio_dias_sem,-0.0088,0.0001,0.532433,False,-0.0365,0.0189,-0.0091,0.518247,Muy débil / ruido,Negativa,0.0088
edad_inicio,divorcios_num,0.0088,0.0001,0.534719,False,-0.0189,0.0365,0.0117,0.407948,Muy débil / ruido,Positiva,0.0088
patrimonio_m_usd,sacrificio_total,0.0088,0.0001,0.533093,False,-0.0189,0.0365,0.0382,0.006879,Muy débil / ruido,Positiva,0.0088
horas_sem_pico,score_conocimiento,-0.0086,0.0001,0.545407,False,-0.0363,0.0192,-0.0077,0.585467,Muy débil / ruido,Negativa,0.0086
capital_inicial_usd,sacrificio_ocio_hobbies,-0.0086,0.0001,0.541243,False,-0.0364,0.0191,0.0023,0.869192,Muy débil / ruido,Negativa,0.0086
sacrificio_total,attr_oportunidad_pct,0.0086,0.0001,0.541345,False,-0.0191,0.0364,0.0069,0.626251,Muy débil / ruido,Positiva,0.0086
sacrificio_familia,empleos_generados,-0.0085,0.0001,0.547129,False,-0.0362,0.0192,-0.0158,0.26489,Muy débil / ruido,Negativa,0.0085
ejercicio_dias_sem,attr_capital_inicial_pct,0.0085,0.0001,0.547228,False,-0.0192,0.0362,0.0039,0.781873,Muy débil / ruido,Positiva,0.0085
sacrificio_sueno,hijos_num,0.0085,0.0001,0.547772,False,-0.0192,0.0362,0.0082,0.560035,Muy débil / ruido,Positiva,0.0085
edad_inicio,score_conocimiento,0.0085,0.0001,0.550228,False,-0.0193,0.0362,-0.0004,0.979522,Muy débil / ruido,Positiva,0.0085
score_red_contactos,attr_vision_pct,0.0085,0.0001,0.549792,False,-0.0193,0.0362,0.006,0.670011,Muy débil / ruido,Positiva,0.0085
capital_inicial_usd,horas_sem_pico,0.0085,0.0001,0.549566,False,-0.0193,0.0362,0.0164,0.245373,Muy débil / ruido,Positiva,0.0085
sacrificio_amor_pareja,score_red_contactos,0.0085,0.0001,0.547648,False,-0.0192,0.0362,0.0066,0.640956,Muy débil / ruido,Positiva,0.0085
sacrificio_sueno,divorcios_num,0.0084,0.0001,0.550852,False,-0.0193,0.0361,0.0107,0.450124,Muy débil / ruido,Positiva,0.0084
horas_sem_pico,attr_oportunidad_pct,0.0084,0.0001,0.554664,False,-0.0194,0.0361,0.007,0.618322,Muy débil / ruido,Positiva,0.0084
score_resiliencia,empleos_generados,-0.0084,0.0001,0.554059,False,-0.0361,0.0194,-0.0034,0.809678,Muy débil / ruido,Negativa,0.0084
score_red_contactos,score_exito,0.0083,0.0001,0.557107,False,-0.0194,0.036,0.0095,0.503704,Muy débil / ruido,Positiva,0.0083
hijos_num,attr_oportunidad_pct,-0.0083,0.0001,0.555649,False,-0.036,0.0194,-0.0133,0.346534,Muy débil / ruido,Negativa,0.0083
divorcios_num,empleos_generados,0.0082,0.0001,0.563063,False,-0.0195,0.0359,0.0029,0.839475,Muy débil / ruido,Positiva,0.0082
ejercicio_dias_sem,bienestar_psicologico,-0.0082,0.0001,0.560218,False,-0.036,0.0195,-0.0097,0.490819,Muy débil / ruido,Negativa,0.0082
patrimonio_m_usd,divorcios_num,0.0081,0.0001,0.566282,False,-0.0196,0.0358,-0.0304,0.031398,Muy débil / ruido,Positiva,0.0081
sacrificio_sueno,attr_trabajo_duro_pct,-0.0081,0.0001,0.565353,False,-0.0358,0.0196,-0.0048,0.732155,Muy débil / ruido,Negativa,0.0081
score_conocimiento,hijos_num,0.0081,0.0001,0.567948,False,-0.0196,0.0358,0.0123,0.383243,Muy débil / ruido,Positiva,0.0081
horas_sem_pico,score_resiliencia,-0.008,0.0001,0.571566,False,-0.0357,0.0197,-0.0139,0.325874,Muy débil / ruido,Negativa,0.008
sueno_horas_noche,attr_disciplina_pct,-0.008,0.0001,0.57087,False,-0.0357,0.0197,-0.001,0.944507,Muy débil / ruido,Negativa,0.008
anos_trayectoria_total,hijos_num,0.008,0.0001,0.569626,False,-0.0197,0.0358,0.0085,0.547588,Muy débil / ruido,Positiva,0.008
score_exito,attr_red_pct,0.008,0.0001,0.573362,False,-0.0198,0.0357,0.003,0.829904,Muy débil / ruido,Positiva,0.008
anos_primer_millon,attr_disciplina_pct,-0.008,0.0001,0.570754,False,-0.0357,0.0197,-0.0075,0.59695,Muy débil / ruido,Negativa,0.008
sacrificio_amigos,attr_disciplina_pct,-0.008,0.0001,0.569332,False,-0.0358,0.0197,-0.0139,0.325109,Muy débil / ruido,Negativa,0.008
sacrificio_amigos,hijos_num,-0.008,0.0001,0.569844,False,-0.0358,0.0197,-0.0009,0.950834,Muy débil / ruido,Negativa,0.008
ejercicio_dias_sem,attr_vision_pct,0.0079,0.0001,0.576409,False,-0.0198,0.0356,0.008,0.571633,Muy débil / ruido,Positiva,0.0079
empleos_generados,attr_capital_inicial_pct,-0.0078,0.0001,0.581606,False,-0.0355,0.0199,-0.0016,0.907211,Muy débil / ruido,Negativa,0.0078
patrimonio_m_usd,attr_oportunidad_pct,0.0077,0.0001,0.58554,False,-0.02,0.0354,-0.0065,0.648115,Muy débil / ruido,Positiva,0.0077
sacrificio_sueno,sueno_horas_noche,-0.0075,0.0001,0.596145,False,-0.0352,0.0202,-0.0166,0.240168,Muy débil / ruido,Negativa,0.0075
sueno_horas_noche,attr_vision_pct,0.0075,0.0001,0.596636,False,-0.0202,0.0352,0.0047,0.741345,Muy débil / ruido,Positiva,0.0075
divorcios_num,attr_oportunidad_pct,-0.0075,0.0001,0.594826,False,-0.0352,0.0202,-0.008,0.572401,Muy débil / ruido,Negativa,0.0075
sacrificio_sueno,score_red_contactos,0.0073,0.0001,0.605373,False,-0.0204,0.035,0.009,0.523482,Muy débil / ruido,Positiva,0.0073
sacrificio_total,empleos_generados,0.0073,0.0001,0.606289,False,-0.0204,0.035,0.0112,0.427601,Muy débil / ruido,Positiva,0.0073
roi_anualizado_pct,attr_disciplina_pct,-0.0073,0.0001,0.607679,False,-0.035,0.0205,-0.0027,0.849634,Muy débil / ruido,Negativa,0.0073
attr_trabajo_duro_pct,attr_capital_inicial_pct,-0.0072,0.0001,0.610625,False,-0.0349,0.0205,-0.008,0.573607,Muy débil / ruido,Negativa,0.0072
empleos_generados,attr_suerte_pct,0.0071,0.0001,0.616349,False,-0.0206,0.0348,0.0203,0.150391,Muy débil / ruido,Positiva,0.0071
ejercicio_dias_sem,empleos_generados,-0.0071,0.0001,0.616239,False,-0.0348,0.0206,-0.013,0.357904,Muy débil / ruido,Negativa,0.0071
sacrificio_amigos,attr_red_pct,0.0071,0.0001,0.616437,False,-0.0206,0.0348,0.0113,0.426379,Muy débil / ruido,Positiva,0.0071
hijos_num,bienestar_psicologico,-0.0071,0.0001,0.616772,False,-0.0348,0.0206,-0.0141,0.319122,Muy débil / ruido,Negativa,0.0071
sacrificio_amigos,score_conocimiento,0.007,0.0,0.620541,False,-0.0207,0.0347,0.016,0.258623,Muy débil / ruido,Positiva,0.007
divorcios_num,hijos_num,0.0069,0.0,0.62551,False,-0.0208,0.0346,0.0153,0.27904,Muy débil / ruido,Positiva,0.0069
anos_primer_millon,sacrificio_ocio_hobbies,0.0068,0.0,0.628732,False,-0.0209,0.0346,0.0014,0.91856,Muy débil / ruido,Positiva,0.0068
sacrificio_sueno,score_conocimiento,-0.0067,0.0,0.636003,False,-0.0344,0.021,-0.01,0.481652,Muy débil / ruido,Negativa,0.0067
anos_trayectoria_total,ejercicio_dias_sem,-0.0067,0.0,0.635289,False,-0.0344,0.021,-0.0074,0.599474,Muy débil / ruido,Negativa,0.0067
edad_inicio,sacrificio_sueno,0.0067,0.0,0.636224,False,-0.021,0.0344,0.0069,0.627746,Muy débil / ruido,Positiva,0.0067
sacrificio_salud,attr_oportunidad_pct,0.0067,0.0,0.637538,False,-0.0211,0.0344,0.0015,0.916045,Muy débil / ruido,Positiva,0.0067
empleos_generados,attr_disciplina_pct,0.0066,0.0,0.641047,False,-0.0211,0.0343,0.0189,0.181864,Muy débil / ruido,Positiva,0.0066
sacrificio_total,score_conocimiento,-0.0066,0.0,0.641849,False,-0.0343,0.0211,-0.0015,0.916036,Muy débil / ruido,Negativa,0.0066
horas_sem_pico,attr_capital_inicial_pct,-0.0066,0.0,0.638318,False,-0.0344,0.0211,-0.005,0.724789,Muy débil / ruido,Negativa,0.0066
anos_primer_millon,sacrificio_amor_pareja,0.0065,0.0,0.64779,False,-0.0213,0.0342,0.0055,0.699783,Muy débil / ruido,Positiva,0.0065
capital_inicial_usd,bienestar_psicologico,-0.0065,0.0,0.643732,False,-0.0343,0.0212,-0.0151,0.285655,Muy débil / ruido,Negativa,0.0065
capital_inicial_usd,attr_disciplina_pct,-0.0065,0.0,0.647361,False,-0.0342,0.0213,-0.0155,0.271653,Muy débil / ruido,Negativa,0.0065
roi_anualizado_pct,horas_sem_pico,-0.0065,0.0,0.648011,False,-0.0342,0.0213,-0.0073,0.603388,Muy débil / ruido,Negativa,0.0065
satisfaccion_vida,attr_vision_pct,-0.0064,0.0,0.650302,False,-0.0341,0.0213,-0.0047,0.738562,Muy débil / ruido,Negativa,0.0064
score_vision,satisfaccion_vida,-0.0064,0.0,0.6503,False,-0.0341,0.0213,-0.0093,0.510242,Muy débil / ruido,Negativa,0.0064
roi_anualizado_pct,empleos_generados,0.0064,0.0,0.652927,False,-0.0214,0.0341,0.016,0.258228,Muy débil / ruido,Positiva,0.0064
sacrificio_ocio_hobbies,attr_vision_pct,0.0064,0.0,0.648951,False,-0.0213,0.0342,0.0101,0.475286,Muy débil / ruido,Positiva,0.0064
capital_inicial_usd,satisfaccion_vida,0.0064,0.0,0.651436,False,-0.0213,0.0341,0.009,0.525684,Muy débil / ruido,Positiva,0.0064
score_exito,attr_conocimiento_pct,0.0061,0.0,0.668272,False,-0.0217,0.0338,0.0085,0.549799,Muy débil / ruido,Positiva,0.0061
empleos_generados,satisfaccion_vida,-0.006,0.0,0.672482,False,-0.0337,0.0217,-0.0083,0.55918,Muy débil / ruido,Negativa,0.006
score_conocimiento,bienestar_psicologico,0.006,0.0,0.671026,False,-0.0217,0.0337,0.0016,0.908108,Muy débil / ruido,Positiva,0.006
sacrificio_amigos,attr_trabajo_duro_pct,-0.006,0.0,0.671665,False,-0.0337,0.0217,-0.0041,0.774434,Muy débil / ruido,Negativa,0.006
anos_trayectoria_total,capital_inicial_usd,-0.006,0.0,0.669111,False,-0.0338,0.0217,-0.0079,0.575441,Muy débil / ruido,Negativa,0.006
capital_inicial_usd,sacrificio_salud,-0.006,0.0,0.671868,False,-0.0337,0.0217,-0.0003,0.983303,Muy débil / ruido,Negativa,0.006
score_disciplina,score_red_contactos,-0.006,0.0,0.670523,False,-0.0337,0.0217,-0.0049,0.731241,Muy débil / ruido,Negativa,0.006
anos_primer_millon,attr_suerte_pct,0.0059,0.0,0.678617,False,-0.0219,0.0336,0.005,0.723649,Muy débil / ruido,Positiva,0.0059
patrimonio_m_usd,sacrificio_amor_pareja,0.0059,0.0,0.677785,False,-0.0218,0.0336,0.0116,0.412439,Muy débil / ruido,Positiva,0.0059
satisfaccion_vida,attr_conocimiento_pct,0.0058,0.0,0.679978,False,-0.0219,0.0335,0.0081,0.568166,Muy débil / ruido,Positiva,0.0058
sacrificio_amor_pareja,hijos_num,0.0058,0.0,0.68242,False,-0.0219,0.0335,0.003,0.830417,Muy débil / ruido,Positiva,0.0058
capital_inicial_usd,ejercicio_dias_sem,-0.0058,0.0,0.681576,False,-0.0335,0.0219,-0.0027,0.850781,Muy débil / ruido,Negativa,0.0058
empleos_generados,attr_conocimiento_pct,-0.0058,0.0,0.68281,False,-0.0335,0.0219,-0.0225,0.111227,Muy débil / ruido,Negativa,0.0058
bienestar_psicologico,attr_oportunidad_pct,-0.0057,0.0,0.687189,False,-0.0334,0.022,-0.0022,0.874589,Muy débil / ruido,Negativa,0.0057
sacrificio_salud,ejercicio_dias_sem,0.0057,0.0,0.689168,False,-0.0221,0.0334,0.0057,0.688905,Muy débil / ruido,Positiva,0.0057
sacrificio_ocio_hobbies,attr_capital_inicial_pct,-0.0056,0.0,0.694625,False,-0.0333,0.0222,-0.0047,0.740173,Muy débil / ruido,Negativa,0.0056
roi_anualizado_pct,attr_red_pct,-0.0056,0.0,0.692554,False,-0.0333,0.0221,-0.008,0.56976,Muy débil / ruido,Negativa,0.0056
sacrificio_amigos,attr_suerte_pct,0.0056,0.0,0.694677,False,-0.0222,0.0333,0.0015,0.916646,Muy débil / ruido,Positiva,0.0056
ejercicio_dias_sem,satisfaccion_vida,-0.0055,0.0,0.699469,False,-0.0332,0.0223,-0.0045,0.750271,Muy débil / ruido,Negativa,0.0055
score_conocimiento,score_exito,-0.0055,0.0,0.695892,False,-0.0332,0.0222,-0.0084,0.554253,Muy débil / ruido,Negativa,0.0055
sacrificio_familia,score_disciplina,-0.0054,0.0,0.700923,False,-0.0331,0.0223,-0.0004,0.974895,Muy débil / ruido,Negativa,0.0054
empleos_generados,attr_oportunidad_pct,-0.0054,0.0,0.700528,False,-0.0332,0.0223,-0.0206,0.145255,Muy débil / ruido,Negativa,0.0054
capital_inicial_usd,attr_conocimiento_pct,0.0054,0.0,0.700851,False,-0.0223,0.0331,0.0065,0.646349,Muy débil / ruido,Positiva,0.0054
sacrificio_amor_pareja,score_conocimiento,0.0053,0.0,0.708062,False,-0.0224,0.033,0.008,0.569544,Muy débil / ruido,Positiva,0.0053
score_disciplina,hijos_num,0.0053,0.0,0.707806,False,-0.0224,0.033,0.0026,0.85384,Muy débil / ruido,Positiva,0.0053
anos_primer_millon,ejercicio_dias_sem,-0.0053,0.0,0.706934,False,-0.033,0.0224,-0.0071,0.614382,Muy débil / ruido,Negativa,0.0053
patrimonio_m_usd,attr_trabajo_duro_pct,-0.0052,0.0,0.714744,False,-0.0329,0.0226,0.0267,0.059129,Muy débil / ruido,Negativa,0.0052
score_disciplina,score_resiliencia,-0.0052,0.0,0.714172,False,-0.0329,0.0225,0.0035,0.806723,Muy débil / ruido,Negativa,0.0052
anos_primer_millon,sacrificio_total,0.0051,0.0,0.717165,False,-0.0226,0.0328,0.005,0.723409,Muy débil / ruido,Positiva,0.0051
sueno_horas_noche,attr_red_pct,-0.0051,0.0,0.720123,False,-0.0328,0.0227,-0.0088,0.53204,Muy débil / ruido,Negativa,0.0051
score_disciplina,score_vision,-0.0051,0.0,0.719062,False,-0.0328,0.0226,-0.0021,0.880795,Muy débil / ruido,Negativa,0.0051
score_red_contactos,empleos_generados,-0.0051,0.0,0.71913,False,-0.0328,0.0226,-0.008,0.571356,Muy débil / ruido,Negativa,0.0051
score_red_contactos,score_vision,-0.0051,0.0,0.715925,False,-0.0329,0.0226,-0.0008,0.956456,Muy débil / ruido,Negativa,0.0051
capital_inicial_usd,divorcios_num,-0.0051,0.0,0.717053,False,-0.0328,0.0226,-0.0091,0.519768,Muy débil / ruido,Negativa,0.0051
sueno_horas_noche,satisfaccion_vida,0.005,0.0,0.725215,False,-0.0228,0.0327,0.0037,0.792832,Muy débil / ruido,Positiva,0.005
score_conocimiento,score_red_contactos,-0.005,0.0,0.723276,False,-0.0327,0.0227,-0.0038,0.789601,Muy débil / ruido,Negativa,0.005
score_exito,attr_disciplina_pct,-0.005,0.0,0.722041,False,-0.0327,0.0227,0.0014,0.918979,Muy débil / ruido,Negativa,0.005
sacrificio_amor_pareja,score_exito,0.005,0.0,0.721225,False,-0.0227,0.0328,0.0093,0.509891,Muy débil / ruido,Positiva,0.005
anos_trayectoria_total,roi_anualizado_pct,0.0049,0.0,0.727183,False,-0.0228,0.0327,0.0032,0.820846,Muy débil / ruido,Positiva,0.0049
edad_inicio,bienestar_psicologico,0.0049,0.0,0.728194,False,-0.0228,0.0326,0.0085,0.548139,Muy débil / ruido,Positiva,0.0049
divorcios_num,ejercicio_dias_sem,0.0048,0.0,0.732065,False,-0.0229,0.0326,0.0027,0.84612,Muy débil / ruido,Positiva,0.0048
sueno_horas_noche,score_exito,0.0048,0.0,0.732496,False,-0.0229,0.0326,-0.0077,0.585258,Muy débil / ruido,Positiva,0.0048
score_vision,attr_suerte_pct,-0.0047,0.0,0.740169,False,-0.0324,0.023,-0.0033,0.813879,Muy débil / ruido,Negativa,0.0047
anos_primer_millon,capital_inicial_usd,-0.0047,0.0,0.737268,False,-0.0325,0.023,-0.0088,0.534837,Muy débil / ruido,Negativa,0.0047
sacrificio_salud,score_vision,0.0047,0.0,0.741148,False,-0.0231,0.0324,0.0028,0.840427,Muy débil / ruido,Positiva,0.0047
edad_inicio,attr_trabajo_duro_pct,-0.0047,0.0,0.739408,False,-0.0324,0.023,-0.0019,0.894554,Muy débil / ruido,Negativa,0.0047
hijos_num,attr_vision_pct,0.0047,0.0,0.738052,False,-0.023,0.0324,0.0032,0.821838,Muy débil / ruido,Positiva,0.0047
sacrificio_amor_pareja,attr_trabajo_duro_pct,-0.0046,0.0,0.744044,False,-0.0323,0.0231,0.001,0.945744,Muy débil / ruido,Negativa,0.0046
anos_primer_millon,attr_capital_inicial_pct,0.0046,0.0,0.747358,False,-0.0232,0.0323,0.0033,0.816888,Muy débil / ruido,Positiva,0.0046
sacrificio_familia,score_vision,0.0045,0.0,0.748088,False,-0.0232,0.0323,0.0064,0.6505,Muy débil / ruido,Positiva,0.0045
ejercicio_dias_sem,score_exito,-0.0045,0.0,0.749976,False,-0.0322,0.0232,-0.0105,0.459415,Muy débil / ruido,Negativa,0.0045
capital_inicial_usd,score_red_contactos,0.0045,0.0,0.748744,False,-0.0232,0.0322,0.0092,0.513293,Muy débil / ruido,Positiva,0.0045
sacrificio_amor_pareja,score_disciplina,-0.0045,0.0,0.751646,False,-0.0322,0.0232,-0.0029,0.836999,Muy débil / ruido,Negativa,0.0045
roi_anualizado_pct,score_red_contactos,-0.0044,0.0,0.756206,False,-0.0321,0.0233,-0.0032,0.821127,Muy débil / ruido,Negativa,0.0044
anos_trayectoria_total,satisfaccion_vida,-0.0044,0.0,0.755081,False,-0.0321,0.0233,-0.0091,0.519669,Muy débil / ruido,Negativa,0.0044
sacrificio_amigos,ejercicio_dias_sem,0.0044,0.0,0.754525,False,-0.0233,0.0321,-0.0048,0.732025,Muy débil / ruido,Positiva,0.0044
score_disciplina,bienestar_psicologico,-0.0044,0.0,0.753675,False,-0.0322,0.0233,-0.005,0.722416,Muy débil / ruido,Negativa,0.0044
ejercicio_dias_sem,attr_disciplina_pct,-0.0044,0.0,0.75776,False,-0.0321,0.0234,-0.0052,0.713988,Muy débil / ruido,Negativa,0.0044
anos_primer_millon,sacrificio_amigos,-0.0043,0.0,0.759675,False,-0.032,0.0234,-0.0059,0.6748,Muy débil / ruido,Negativa,0.0043
patrimonio_m_usd,empleos_generados,0.0043,0.0,0.758875,False,-0.0234,0.0321,0.0035,0.804856,Muy débil / ruido,Positiva,0.0043
roi_anualizado_pct,sacrificio_amigos,-0.0042,0.0,0.764466,False,-0.032,0.0235,-0.0091,0.518599,Muy débil / ruido,Negativa,0.0042
hijos_num,score_exito,-0.0042,0.0,0.76848,False,-0.0319,0.0236,-0.0025,0.862473,Muy débil / ruido,Negativa,0.0042
patrimonio_m_usd,horas_sem_pico,-0.0042,0.0,0.766005,False,-0.0319,0.0235,0.0206,0.144473,Muy débil / ruido,Negativa,0.0042
sacrificio_total,score_resiliencia,-0.0042,0.0,0.766483,False,-0.0319,0.0235,-0.0117,0.409233,Muy débil / ruido,Negativa,0.0042
divorcios_num,attr_conocimiento_pct,0.0041,0.0,0.770921,False,-0.0236,0.0318,0.0105,0.459621,Muy débil / ruido,Positiva,0.0041
sacrificio_salud,score_resiliencia,-0.0041,0.0,0.774127,False,-0.0318,0.0237,-0.0115,0.41535,Muy débil / ruido,Negativa,0.0041
anos_trayectoria_total,attr_conocimiento_pct,-0.004,0.0,0.77757,False,-0.0317,0.0237,-0.0054,0.702927,Muy débil / ruido,Negativa,0.004
edad_inicio,sacrificio_amor_pareja,0.004,0.0,0.776119,False,-0.0237,0.0317,0.0061,0.668353,Muy débil / ruido,Positiva,0.004
edad_inicio,score_vision,-0.0039,0.0,0.785137,False,-0.0316,0.0239,-0.0024,0.862541,Muy débil / ruido,Negativa,0.0039
anos_primer_millon,score_disciplina,0.0039,0.0,0.784414,False,-0.0239,0.0316,0.0024,0.865251,Muy débil / ruido,Positiva,0.0039
hijos_num,attr_suerte_pct,-0.0039,0.0,0.782816,False,-0.0316,0.0238,-0.0001,0.995531,Muy débil / ruido,Negativa,0.0039
edad_inicio,anos_primer_millon,-0.0037,0.0,0.794624,False,-0.0314,0.024,0.0004,0.979753,Muy débil / ruido,Negativa,0.0037
patrimonio_m_usd,attr_red_pct,0.0037,0.0,0.791672,False,-0.024,0.0315,0.0111,0.433223,Muy débil / ruido,Positiva,0.0037
score_vision,bienestar_psicologico,0.0037,0.0,0.791085,False,-0.024,0.0315,0.0083,0.555033,Muy débil / ruido,Positiva,0.0037
score_resiliencia,attr_capital_inicial_pct,-0.0037,0.0,0.790962,False,-0.0315,0.024,-0.002,0.887949,Muy débil / ruido,Negativa,0.0037
anos_primer_millon,horas_sem_pico,-0.0035,0.0,0.807096,False,-0.0312,0.0243,-0.0025,0.860978,Muy débil / ruido,Negativa,0.0035
sacrificio_amigos,score_resiliencia,0.0035,0.0,0.804038,False,-0.0242,0.0312,-0.0024,0.86595,Muy débil / ruido,Positiva,0.0035
sacrificio_familia,hijos_num,0.0035,0.0,0.807263,False,-0.0243,0.0312,0.0013,0.923986,Muy débil / ruido,Positiva,0.0035
score_disciplina,attr_suerte_pct,0.0035,0.0,0.804787,False,-0.0242,0.0312,0.0001,0.995682,Muy débil / ruido,Positiva,0.0035
sacrificio_sueno,score_disciplina,0.0034,0.0,0.807463,False,-0.0243,0.0312,0.0107,0.448357,Muy débil / ruido,Positiva,0.0034
patrimonio_m_usd,score_disciplina,0.0034,0.0,0.807612,False,-0.0243,0.0312,0.0098,0.487662,Muy débil / ruido,Positiva,0.0034
score_disciplina,attr_vision_pct,-0.0034,0.0,0.811049,False,-0.0311,0.0243,-0.0002,0.988753,Muy débil / ruido,Negativa,0.0034
sacrificio_ocio_hobbies,ejercicio_dias_sem,-0.0033,0.0,0.817735,False,-0.031,0.0245,-0.0055,0.696628,Muy débil / ruido,Negativa,0.0033
score_vision,hijos_num,-0.0033,0.0,0.815209,False,-0.031,0.0244,0.0028,0.841557,Muy débil / ruido,Negativa,0.0033
score_resiliencia,satisfaccion_vida,0.0032,0.0,0.823077,False,-0.0246,0.0309,0.0078,0.579362,Muy débil / ruido,Positiva,0.0032
sacrificio_amor_pareja,attr_capital_inicial_pct,0.0032,0.0,0.822675,False,-0.0246,0.0309,-0.003,0.834329,Muy débil / ruido,Positiva,0.0032
edad_inicio,score_red_contactos,0.0032,0.0,0.819072,False,-0.0245,0.031,0.0024,0.867242,Muy débil / ruido,Positiva,0.0032
score_conocimiento,empleos_generados,0.003,0.0,0.831173,False,-0.0247,0.0307,0.0047,0.737184,Muy débil / ruido,Positiva,0.003
score_red_contactos,score_resiliencia,-0.003,0.0,0.830939,False,-0.0307,0.0247,-0.0073,0.607346,Muy débil / ruido,Negativa,0.003
sacrificio_total,attr_capital_inicial_pct,-0.003,0.0,0.830173,False,-0.0308,0.0247,-0.0034,0.807716,Muy débil / ruido,Negativa,0.003
score_vision,divorcios_num,-0.003,0.0,0.832735,False,-0.0307,0.0247,0.0014,0.918418,Muy débil / ruido,Negativa,0.003
sacrificio_familia,attr_oportunidad_pct,-0.003,0.0,0.833018,False,-0.0307,0.0247,-0.002,0.887925,Muy débil / ruido,Negativa,0.003
hijos_num,attr_disciplina_pct,0.003,0.0,0.8296,False,-0.0247,0.0308,0.0028,0.844237,Muy débil / ruido,Positiva,0.003
sacrificio_amor_pareja,attr_conocimiento_pct,-0.003,0.0,0.830774,False,-0.0307,0.0247,-0.0024,0.863222,Muy débil / ruido,Negativa,0.003
anos_primer_millon,attr_oportunidad_pct,0.0029,0.0,0.836427,False,-0.0248,0.0306,0.0016,0.908081,Muy débil / ruido,Positiva,0.0029
sacrificio_familia,divorcios_num,0.0028,0.0,0.845725,False,-0.025,0.0305,0.0032,0.819263,Muy débil / ruido,Positiva,0.0028
ejercicio_dias_sem,attr_trabajo_duro_pct,-0.0028,0.0,0.843239,False,-0.0305,0.0249,-0.0054,0.701951,Muy débil / ruido,Negativa,0.0028
score_disciplina,attr_oportunidad_pct,0.0027,0.0,0.847998,False,-0.025,0.0304,0.0026,0.852623,Muy débil / ruido,Positiva,0.0027
sacrificio_ocio_hobbies,hijos_num,-0.0027,0.0,0.850381,False,-0.0304,0.0251,-0.0023,0.870469,Muy débil / ruido,Negativa,0.0027
edad_inicio,attr_red_pct,-0.0027,0.0,0.849815,False,-0.0304,0.025,-0.0028,0.841035,Muy débil / ruido,Negativa,0.0027
score_conocimiento,attr_red_pct,0.0027,0.0,0.851028,False,-0.0251,0.0304,0.0021,0.880545,Muy débil / ruido,Positiva,0.0027
sacrificio_amor_pareja,attr_oportunidad_pct,-0.0026,0.0,0.855141,False,-0.0303,0.0251,-0.0081,0.568317,Muy débil / ruido,Negativa,0.0026
edad_inicio,patrimonio_m_usd,-0.0025,0.0,0.859673,False,-0.0302,0.0252,-0.0088,0.531899,Muy débil / ruido,Negativa,0.0025
score_exito,attr_vision_pct,0.0024,0.0,0.867582,False,-0.0254,0.0301,0.0052,0.712273,Muy débil / ruido,Positiva,0.0024
anos_trayectoria_total,attr_oportunidad_pct,-0.0024,0.0,0.863667,False,-0.0301,0.0253,-0.0022,0.875679,Muy débil / ruido,Negativa,0.0024
patrimonio_m_usd,attr_disciplina_pct,-0.0023,0.0,0.87189,False,-0.03,0.0254,-0.0144,0.307265,Muy débil / ruido,Negativa,0.0023
anos_trayectoria_total,attr_capital_inicial_pct,0.0023,0.0,0.87043,False,-0.0254,0.03,0.0053,0.708328,Muy débil / ruido,Positiva,0.0023
score_resiliencia,hijos_num,-0.0023,0.0,0.869362,False,-0.03,0.0254,-0.0055,0.696466,Muy débil / ruido,Negativa,0.0023
horas_sem_pico,attr_trabajo_duro_pct,0.0023,0.0,0.871806,False,-0.0254,0.03,0.0055,0.695233,Muy débil / ruido,Positiva,0.0023
score_disciplina,score_conocimiento,0.0023,0.0,0.871399,False,-0.0254,0.03,0.0012,0.934044,Muy débil / ruido,Positiva,0.0023
score_vision,attr_red_pct,-0.0023,0.0,0.868157,False,-0.0301,0.0254,-0.0071,0.613755,Muy débil / ruido,Negativa,0.0023
sacrificio_ocio_hobbies,score_resiliencia,-0.0022,0.0,0.876681,False,-0.0299,0.0255,-0.0063,0.658019,Muy débil / ruido,Negativa,0.0022
roi_anualizado_pct,attr_oportunidad_pct,0.0022,0.0,0.877876,False,-0.0255,0.0299,0.0017,0.902737,Muy débil / ruido,Positiva,0.0022
sacrificio_salud,sueno_horas_noche,-0.0022,0.0,0.873835,False,-0.03,0.0255,-0.005,0.721588,Muy débil / ruido,Negativa,0.0022
patrimonio_m_usd,satisfaccion_vida,0.0021,0.0,0.879895,False,-0.0256,0.0299,-0.0018,0.90095,Muy débil / ruido,Positiva,0.0021
sacrificio_familia,sueno_horas_noche,0.0021,0.0,0.882213,False,-0.0256,0.0298,0.0017,0.905065,Muy débil / ruido,Positiva,0.0021
edad_inicio,attr_disciplina_pct,0.002,0.0,0.887042,False,-0.0257,0.0297,0.0005,0.973669,Muy débil / ruido,Positiva,0.002
divorcios_num,attr_trabajo_duro_pct,0.002,0.0,0.888485,False,-0.0257,0.0297,-0.0019,0.894803,Muy débil / ruido,Positiva,0.002
sacrificio_amor_pareja,score_vision,0.0019,0.0,0.890609,False,-0.0258,0.0297,0.0052,0.710986,Muy débil / ruido,Positiva,0.0019
sacrificio_total,hijos_num,0.0019,0.0,0.895018,False,-0.0259,0.0296,-0.0014,0.922077,Muy débil / ruido,Positiva,0.0019
sacrificio_amor_pareja,attr_suerte_pct,0.0019,0.0,0.89513,False,-0.0259,0.0296,-0.0017,0.903515,Muy débil / ruido,Positiva,0.0019
patrimonio_m_usd,attr_conocimiento_pct,-0.0019,0.0,0.894955,False,-0.0296,0.0259,0.0065,0.646036,Muy débil / ruido,Negativa,0.0019
score_vision,score_resiliencia,-0.0018,0.0,0.899495,False,-0.0295,0.0259,-0.0038,0.787082,Muy débil / ruido,Negativa,0.0018
roi_anualizado_pct,sacrificio_salud,0.0018,0.0,0.898329,False,-0.0259,0.0295,0.0028,0.84165,Muy débil / ruido,Positiva,0.0018
capital_inicial_usd,attr_trabajo_duro_pct,0.0018,0.0,0.898557,False,-0.0259,0.0295,0.0083,0.558423,Muy débil / ruido,Positiva,0.0018
score_conocimiento,satisfaccion_vida,0.0018,0.0,0.898429,False,-0.0259,0.0295,-0.0046,0.747647,Muy débil / ruido,Positiva,0.0018
patrimonio_m_usd,score_red_contactos,-0.0018,0.0,0.896838,False,-0.0296,0.0259,0.0102,0.47241,Muy débil / ruido,Negativa,0.0018
ejercicio_dias_sem,attr_oportunidad_pct,0.0017,0.0,0.905276,False,-0.026,0.0294,0.0035,0.804804,Muy débil / ruido,Positiva,0.0017
anos_primer_millon,score_vision,0.0017,0.0,0.90445,False,-0.026,0.0294,0.0062,0.663329,Muy débil / ruido,Positiva,0.0017
edad_inicio,satisfaccion_vida,0.0016,0.0,0.908555,False,-0.0261,0.0293,0.0015,0.915037,Muy débil / ruido,Positiva,0.0016
edad_inicio,horas_sem_pico,0.0016,0.0,0.912145,False,-0.0262,0.0293,0.0026,0.856617,Muy débil / ruido,Positiva,0.0016
bienestar_psicologico,attr_trabajo_duro_pct,-0.0015,0.0,0.91462,False,-0.0292,0.0262,-0.0075,0.597004,Muy débil / ruido,Negativa,0.0015
score_conocimiento,attr_oportunidad_pct,0.0014,0.0,0.91887,False,-0.0263,0.0292,0.0001,0.993578,Muy débil / ruido,Positiva,0.0014
score_conocimiento,divorcios_num,0.0014,0.0,0.920147,False,-0.0263,0.0291,-0.0016,0.909743,Muy débil / ruido,Positiva,0.0014
edad_inicio,roi_anualizado_pct,-0.0014,0.0,0.91963,False,-0.0291,0.0263,-0.0074,0.601924,Muy débil / ruido,Negativa,0.0014
divorcios_num,attr_disciplina_pct,-0.0014,0.0,0.921395,False,-0.0291,0.0263,0.0007,0.95935,Muy débil / ruido,Negativa,0.0014
sacrificio_ocio_hobbies,sueno_horas_noche,0.0013,0.0,0.925977,False,-0.0264,0.029,-0.0022,0.873917,Muy débil / ruido,Positiva,0.0013
sacrificio_amor_pareja,score_resiliencia,-0.0013,0.0,0.926514,False,-0.029,0.0264,-0.0002,0.99153,Muy débil / ruido,Negativa,0.0013
anos_trayectoria_total,score_red_contactos,-0.0012,0.0,0.9339,False,-0.0289,0.0265,-0.0032,0.82002,Muy débil / ruido,Negativa,0.0012
score_conocimiento,attr_capital_inicial_pct,-0.0012,0.0,0.929732,False,-0.029,0.0265,-0.0036,0.801384,Muy débil / ruido,Negativa,0.0012
sacrificio_amigos,attr_oportunidad_pct,-0.0012,0.0,0.930145,False,-0.029,0.0265,-0.0059,0.676795,Muy débil / ruido,Negativa,0.0012
anos_trayectoria_total,score_vision,0.0011,0.0,0.940135,False,-0.0267,0.0288,-0.0008,0.957476,Muy débil / ruido,Positiva,0.0011
sacrificio_salud,score_red_contactos,0.0011,0.0,0.935854,False,-0.0266,0.0289,0.0024,0.866146,Muy débil / ruido,Positiva,0.0011
sacrificio_sueno,score_vision,-0.0011,0.0,0.940452,False,-0.0288,0.0267,0.0018,0.896584,Muy débil / ruido,Negativa,0.0011
patrimonio_m_usd,sacrificio_ocio_hobbies,0.0011,0.0,0.937884,False,-0.0266,0.0288,0.0187,0.185129,Muy débil / ruido,Positiva,0.0011
score_conocimiento,attr_disciplina_pct,-0.0011,0.0,0.940649,False,-0.0288,0.0267,0.0047,0.73927,Muy débil / ruido,Negativa,0.0011
score_resiliencia,attr_oportunidad_pct,-0.001,0.0,0.944235,False,-0.0287,0.0267,-0.0015,0.915353,Muy débil / ruido,Negativa,0.001
patrimonio_m_usd,attr_suerte_pct,-0.001,0.0,0.940889,False,-0.0288,0.0267,-0.0033,0.816164,Muy débil / ruido,Negativa,0.001
anos_primer_millon,score_red_contactos,0.0009,0.0,0.948547,False,-0.0268,0.0286,0.0031,0.828429,Muy débil / ruido,Positiva,0.0009
score_red_contactos,attr_suerte_pct,-0.0009,0.0,0.946806,False,-0.0287,0.0268,0.0015,0.914704,Muy débil / ruido,Negativa,0.0009
anos_trayectoria_total,attr_trabajo_duro_pct,-0.0009,0.0,0.951272,False,-0.0286,0.0269,0.0075,0.59572,Muy débil / ruido,Negativa,0.0009
capital_inicial_usd,sacrificio_sueno,-0.0009,0.0,0.949848,False,-0.0286,0.0268,0.012,0.397975,Muy débil / ruido,Negativa,0.0009
edad_inicio,attr_capital_inicial_pct,0.0008,0.0,0.95406,False,-0.0269,0.0285,-0.0037,0.791669,Muy débil / ruido,Positiva,0.0008
edad_inicio,hijos_num,-0.0008,0.0,0.953697,False,-0.0285,0.0269,0.0023,0.872467,Muy débil / ruido,Negativa,0.0008
score_vision,empleos_generados,-0.0008,0.0,0.956132,False,-0.0285,0.0269,-0.0002,0.990395,Muy débil / ruido,Negativa,0.0008
bienestar_psicologico,attr_capital_inicial_pct,-0.0008,0.0,0.953056,False,-0.0286,0.0269,-0.0017,0.90604,Muy débil / ruido,Negativa,0.0008
roi_anualizado_pct,attr_capital_inicial_pct,0.0008,0.0,0.953664,False,-0.0269,0.0285,0.0009,0.949878,Muy débil / ruido,Positiva,0.0008
roi_anualizado_pct,satisfaccion_vida,-0.0008,0.0,0.957183,False,-0.0285,0.027,0.0018,0.897812,Muy débil / ruido,Negativa,0.0008
score_exito,attr_suerte_pct,0.0007,0.0,0.961253,False,-0.027,0.0284,-0.0005,0.971036,Muy débil / ruido,Positiva,0.0007
score_resiliencia,attr_red_pct,-0.0007,0.0,0.959336,False,-0.0284,0.027,0.0012,0.931064,Muy débil / ruido,Negativa,0.0007
roi_anualizado_pct,hijos_num,-0.0007,0.0,0.961983,False,-0.0284,0.027,-0.0037,0.793199,Muy débil / ruido,Negativa,0.0007
roi_anualizado_pct,sacrificio_ocio_hobbies,-0.0007,0.0,0.961717,False,-0.0284,0.027,-0.0063,0.654613,Muy débil / ruido,Negativa,0.0007
sacrificio_ocio_hobbies,score_vision,0.0007,0.0,0.958268,False,-0.027,0.0285,0.0008,0.955605,Muy débil / ruido,Positiva,0.0007
score_red_contactos,bienestar_psicologico,0.0007,0.0,0.963217,False,-0.0271,0.0284,-0.0031,0.82468,Muy débil / ruido,Positiva,0.0007
score_resiliencia,sueno_horas_noche,0.0006,0.0,0.966595,False,-0.0271,0.0283,0.002,0.88721,Muy débil / ruido,Positiva,0.0006
capital_inicial_usd,attr_suerte_pct,0.0006,0.0,0.965169,False,-0.0271,0.0283,-0.0058,0.682818,Muy débil / ruido,Positiva,0.0006
sacrificio_salud,score_disciplina,-0.0006,0.0,0.964764,False,-0.0283,0.0271,0.0048,0.734168,Muy débil / ruido,Negativa,0.0006
sacrificio_sueno,score_resiliencia,-0.0006,0.0,0.966827,False,-0.0283,0.0271,-0.0066,0.638798,Muy débil / ruido,Negativa,0.0006
sacrificio_total,attr_trabajo_duro_pct,-0.0006,0.0,0.966212,False,-0.0283,0.0271,-0.0008,0.956588,Muy débil / ruido,Negativa,0.0006
anos_trayectoria_total,attr_vision_pct,-0.0006,0.0,0.966592,False,-0.0283,0.0271,0.0075,0.594061,Muy débil / ruido,Negativa,0.0006
score_conocimiento,score_vision,-0.0005,0.0,0.97189,False,-0.0282,0.0272,-0.0009,0.950541,Muy débil / ruido,Negativa,0.0005
anos_trayectoria_total,sueno_horas_noche,0.0005,0.0,0.971846,False,-0.0272,0.0282,-0.001,0.946099,Muy débil / ruido,Positiva,0.0005
capital_inicial_usd,sacrificio_total,-0.0005,0.0,0.96909,False,-0.0283,0.0272,0.0106,0.453558,Muy débil / ruido,Negativa,0.0005
hijos_num,attr_conocimiento_pct,0.0004,0.0,0.975483,False,-0.0273,0.0282,0.006,0.671509,Muy débil / ruido,Positiva,0.0004
horas_sem_pico,score_red_contactos,0.0004,0.0,0.976808,False,-0.0273,0.0281,0.0003,0.983255,Muy débil / ruido,Positiva,0.0004
roi_anualizado_pct,sueno_horas_noche,0.0004,0.0,0.979729,False,-0.0274,0.0281,-0.0008,0.953778,Muy débil / ruido,Positiva,0.0004
patrimonio_m_usd,score_conocimiento,0.0004,0.0,0.975129,False,-0.0273,0.0282,-0.0047,0.739874,Muy débil / ruido,Positiva,0.0004
divorcios_num,attr_red_pct,0.0004,0.0,0.97762,False,-0.0273,0.0281,0.0049,0.726672,Muy débil / ruido,Positiva,0.0004
score_exito,satisfaccion_vida,0.0004,0.0,0.976914,False,-0.0273,0.0281,0.0046,0.746561,Muy débil / ruido,Positiva,0.0004
sacrificio_ocio_hobbies,score_red_contactos,0.0004,0.0,0.976803,False,-0.0273,0.0281,-0.003,0.830631,Muy débil / ruido,Positiva,0.0004
empleos_generados,attr_red_pct,-0.0003,0.0,0.985062,False,-0.028,0.0275,0.0051,0.717271,Muy débil / ruido,Negativa,0.0003
sueno_horas_noche,bienestar_psicologico,-0.0003,0.0,0.983867,False,-0.028,0.0274,0.0017,0.903551,Muy débil / ruido,Negativa,0.0003
patrimonio_m_usd,attr_vision_pct,-0.0003,0.0,0.980428,False,-0.0281,0.0274,-0.0061,0.664755,Muy débil / ruido,Negativa,0.0003
sacrificio_salud,attr_trabajo_duro_pct,0.0003,0.0,0.983969,False,-0.0274,0.028,0.0029,0.839707,Muy débil / ruido,Positiva,0.0003
roi_anualizado_pct,sacrificio_amor_pareja,0.0002,0.0,0.990934,False,-0.0276,0.0279,-0.0028,0.845432,Muy débil / ruido,Positiva,0.0002
sacrificio_total,sueno_horas_noche,0.0002,0.0,0.98604,False,-0.0275,0.028,-0.0044,0.753439,Muy débil / ruido,Positiva,0.0002
sacrificio_salud,hijos_num,0.0002,0.0,0.991099,False,-0.0276,0.0279,0.0011,0.93786,Muy débil / ruido,Positiva,0.0002
edad_inicio,sacrificio_familia,-0.0001,0.0,0.996361,False,-0.0278,0.0277,0.001,0.942123,Muy débil / ruido,Negativa,0.0001
sacrificio_amigos,attr_conocimiento_pct,-0.0001,0.0,0.994704,False,-0.0278,0.0276,0.003,0.829856,Muy débil / ruido,Negativa,0.0001
sacrificio_total,score_vision,0.0001,0.0,0.996899,False,-0.0277,0.0278,-0.0006,0.964906,Muy débil / ruido,Positiva,0.0001
